date,open,high,low,close,volume,amount,symbol
2021-03-12,8.47,8.57,8.34,8.56,23789.13,20121.253,002772.SZ
2021-03-15,8.55,8.6,8.45,8.59,22254.13,19025.792,002772.SZ
2021-03-16,8.62,8.7,8.56,8.69,24884.61,21457.416,002772.SZ
2021-03-17,8.72,9.18,8.71,9.14,110190.64,99417.556,002772.SZ
2021-03-18,9.0,9.05,8.86,9.01,64645.19,57802.735,002772.SZ
2021-03-19,8.9,9.12,8.89,9.05,50323.66,45367.341,002772.SZ
2021-03-22,9.05,9.12,8.97,9.1,45968.0,41645.761,002772.SZ
2021-03-23,9.1,9.15,8.95,9.12,48171.52,43575.773,002772.SZ
2021-03-24,9.11,9.42,9.1,9.31,72761.88,67578.947,002772.SZ
2021-03-25,9.35,9.89,9.3,9.42,110795.86,105937.709,002772.SZ
2021-03-26,9.22,9.22,8.91,9.13,103047.68,93441.683,002772.SZ
2021-03-29,9.05,9.18,8.99,9.03,50437.01,45796.694,002772.SZ
2021-03-30,9.01,9.07,8.91,8.93,42419.1,38035.74,002772.SZ
2021-03-31,8.94,9.02,8.82,8.98,33981.28,30366.737,002772.SZ
2021-04-01,8.97,9.03,8.85,8.87,34432.6,30708.199,002772.SZ
2021-04-02,8.82,8.85,8.63,8.74,38789.49,33847.678,002772.SZ
2021-04-06,8.75,8.81,8.74,8.77,23294.75,20443.621,002772.SZ
2021-04-07,8.78,9.06,8.77,9.04,53274.81,47720.535,002772.SZ
2021-04-08,9.0,9.04,8.91,8.97,28389.05,25501.441,002772.SZ
2021-04-09,9.03,9.08,8.98,9.07,28633.05,25879.302,002772.SZ
2021-04-12,9.1,9.24,8.91,8.92,36796.68,33270.583,002772.SZ
2021-04-13,8.83,9.8,8.82,9.43,133205.14,124112.552,002772.SZ
2021-04-14,9.41,9.42,9.14,9.25,99496.35,91774.992,002772.SZ
2021-04-15,9.19,9.31,9.06,9.08,51239.99,46829.351,002772.SZ
2021-04-16,9.07,9.15,8.98,9.13,44633.13,40541.544,002772.SZ
2021-04-19,9.13,9.19,9.06,9.18,47541.05,43465.458,002772.SZ
2021-04-20,9.17,9.25,9.06,9.06,50615.4,46312.488,002772.SZ
2021-04-21,8.78,8.78,8.22,8.25,142689.5,119853.087,002772.SZ
2021-04-22,8.29,8.35,8.18,8.19,54953.62,45359.018,002772.SZ
2021-04-23,8.16,8.2,7.95,8.07,63032.24,50755.712,002772.SZ
2021-04-26,8.04,8.08,7.93,7.95,34662.67,27704.16,002772.SZ
2021-04-27,7.97,8.0,7.79,7.84,33236.5,26187.704,002772.SZ
2021-04-28,7.83,7.94,7.8,7.91,24289.52,19159.537,002772.SZ
2021-04-29,7.86,7.93,7.86,7.89,18811.6,14861.054,002772.SZ
2021-04-30,7.92,7.92,7.76,7.8,26349.28,20626.561,002772.SZ
2021-05-06,7.83,7.93,7.8,7.91,24017.46,18932.081,002772.SZ
2021-05-07,7.92,7.93,7.86,7.9,22012.98,17365.688,002772.SZ
2021-05-10,7.9,7.92,7.83,7.91,19949.31,15714.783,002772.SZ
2021-05-11,7.9,8.1,7.86,8.08,35904.55,28828.152,002772.SZ
2021-05-12,8.07,8.18,7.98,8.15,33782.07,27363.894,002772.SZ
2021-05-13,8.09,8.09,8.02,8.05,21686.71,17460.968,002772.SZ
2021-05-14,8.04,8.12,8.03,8.1,23787.06,19250.906,002772.SZ
2021-05-17,8.1,8.11,7.99,8.0,22643.93,18136.55,002772.SZ
2021-05-18,8.01,8.01,7.88,7.9,24724.99,19592.55,002772.SZ
2021-05-19,7.9,7.94,7.86,7.9,16146.13,12737.03,002772.SZ
2021-05-20,7.86,7.86,7.75,7.75,18462.75,14359.332,002772.SZ
2021-05-21,7.78,7.94,7.75,7.85,21546.54,16950.722,002772.SZ
2021-05-24,7.89,7.94,7.83,7.9,18277.88,14379.287,002772.SZ
2021-05-25,7.9,7.93,7.85,7.91,21762.0,17185.159,002772.SZ
2021-05-26,7.94,7.95,7.88,7.93,20357.76,16132.952,002772.SZ
2021-05-27,7.93,7.98,7.9,7.97,21459.0,17048.053,002772.SZ
2021-05-28,7.95,7.97,7.89,7.9,19802.32,15674.186,002772.SZ
2021-05-31,7.9,7.9,7.83,7.87,17584.72,13823.186,002772.SZ
2021-06-01,7.89,7.96,7.87,7.95,24618.95,19529.468,002772.SZ
2021-06-02,7.95,7.98,7.88,7.9,24066.62,19065.405,002772.SZ
2021-06-03,7.95,7.96,7.89,7.89,19767.26,15663.225,002772.SZ
2021-06-04,7.92,8.04,7.88,7.95,25112.64,19978.982,002772.SZ
2021-06-07,7.95,7.97,7.85,7.86,21609.63,17042.668,002772.SZ
2021-06-08,7.87,7.93,7.83,7.89,15555.26,12246.11,002772.SZ
2021-06-09,7.9,7.91,7.87,7.89,12114.29,9555.277,002772.SZ
2021-06-10,7.91,7.91,7.82,7.83,25739.12,20206.312,002772.SZ
2021-06-11,7.83,7.86,7.78,7.81,17238.15,13481.678,002772.SZ
2021-06-15,7.8,8.17,7.78,8.14,97593.32,78296.961,002772.SZ
2021-06-16,8.17,8.88,8.17,8.49,165262.8,140499.586,002772.SZ
2021-06-17,8.29,8.65,8.26,8.5,82713.84,70105.799,002772.SZ
2021-06-18,8.41,8.88,8.25,8.76,104617.66,89364.377,002772.SZ
2021-06-21,9.64,9.64,9.64,9.64,32142.36,30985.235,002772.SZ
2021-06-22,10.6,10.6,10.6,10.6,17005.66,18025.999,002772.SZ
2021-06-23,11.66,11.66,11.66,11.66,30601.3,35681.115,002772.SZ
2021-06-24,12.83,12.83,12.83,12.83,58098.64,74540.555,002772.SZ
2021-06-25,14.11,14.11,14.11,14.11,393429.63,555129.207,002772.SZ
2021-06-28,15.28,15.52,14.97,15.52,762218.18,1172117.35,002772.SZ
2021-06-29,15.22,17.07,15.02,16.42,802680.64,1299030.258,002772.SZ
2021-06-30,17.06,17.24,15.0,15.9,886849.17,1427751.744,002772.SZ
2021-07-01,15.42,17.07,15.3,16.08,751681.01,1226181.5,002772.SZ
2021-07-02,16.08,16.84,15.2,16.05,663710.61,1070327.952,002772.SZ
2021-07-05,15.67,15.77,14.45,14.7,538830.3,805896.795,002772.SZ
2021-07-06,14.82,15.45,14.09,15.25,554210.25,823493.531,002772.SZ
2021-07-07,14.96,15.85,14.52,14.95,477371.79,718092.065,002772.SZ
2021-07-08,14.59,14.84,14.01,14.08,384635.87,553723.162,002772.SZ
2021-07-09,13.82,13.94,13.16,13.44,374775.33,505098.727,002772.SZ
2021-07-12,13.43,14.05,13.12,13.8,364633.21,499301.089,002772.SZ
2021-07-13,13.36,14.58,13.26,14.12,441984.23,616339.449,002772.SZ
2021-07-14,13.68,15.09,13.35,14.64,556519.13,803153.955,002772.SZ
2021-07-15,14.26,14.74,13.31,13.9,435769.17,613258.468,002772.SZ
2021-07-16,13.59,14.5,13.3,14.04,412037.28,569171.465,002772.SZ
2021-07-19,13.92,14.78,13.58,14.71,406393.54,575732.305,002772.SZ
2021-07-20,14.32,16.18,14.32,15.34,642691.53,999336.115,002772.SZ
2021-07-21,15.34,16.09,14.92,15.9,520891.57,801940.616,002772.SZ
2021-07-22,15.61,15.94,14.61,14.71,413721.6,631938.669,002772.SZ
2021-07-23,14.6,14.73,13.9,13.91,303728.33,433831.569,002772.SZ
2021-07-26,13.55,13.7,12.52,12.84,335320.43,437492.361,002772.SZ
2021-07-27,12.8,13.23,12.4,12.58,240267.1,308598.053,002772.SZ
2021-07-28,12.6,12.98,12.15,12.79,215071.79,268951.038,002772.SZ
2021-07-29,12.7,12.9,12.21,12.27,225701.95,282083.095,002772.SZ
2021-07-30,12.13,12.13,11.04,11.04,378277.33,430209.359,002772.SZ
2021-08-02,10.67,12.0,10.67,11.8,367857.93,421803.783,002772.SZ
2021-08-03,11.75,11.92,11.4,11.47,246587.36,286307.833,002772.SZ
2021-08-04,11.51,11.63,11.28,11.43,177516.94,202819.273,002772.SZ
2021-08-05,11.33,11.59,10.97,11.02,213886.95,239276.933,002772.SZ
2021-08-06,10.97,11.25,10.78,10.86,217925.56,238072.033,002772.SZ
2021-08-09,10.78,11.34,10.75,11.17,215020.72,239562.144,002772.SZ
2021-08-10,11.24,11.78,10.99,11.55,325812.55,371988.406,002772.SZ
2021-08-11,11.4,11.48,11.11,11.25,235511.91,264675.947,002772.SZ
2021-08-12,11.4,11.85,11.2,11.39,246102.98,282192.174,002772.SZ
2021-08-13,11.62,12.53,11.42,12.53,365076.6,432393.204,002772.SZ
2021-08-16,12.89,13.78,12.79,13.78,248653.59,333926.641,002772.SZ
2021-08-17,14.16,14.7,12.95,13.0,456975.61,621691.439,002772.SZ
2021-08-18,13.04,13.74,13.0,13.4,278977.54,373298.917,002772.SZ
2021-08-19,13.13,13.25,12.65,12.75,252116.75,323932.247,002772.SZ
2021-08-20,12.51,12.88,12.31,12.63,201548.2,253972.06,002772.SZ
2021-08-23,12.3,12.8,12.21,12.41,153901.94,191579.636,002772.SZ
2021-08-24,12.31,13.48,12.22,12.84,250408.35,320574.831,002772.SZ
2021-08-25,12.7,13.11,12.47,12.55,197926.85,252691.785,002772.SZ
2021-08-26,12.34,12.47,12.04,12.05,167978.78,205795.729,002772.SZ
2021-08-27,11.63,12.02,11.54,11.87,204487.19,240150.234,002772.SZ
2021-08-30,11.62,11.91,11.48,11.48,145236.32,168700.912,002772.SZ
2021-08-31,11.42,11.47,11.09,11.34,109323.85,123252.318,002772.SZ
2021-09-01,11.26,12.09,11.19,11.83,197346.09,231293.374,002772.SZ
2021-09-02,11.78,11.78,11.41,11.5,126643.98,146144.834,002772.SZ
2021-09-03,11.35,12.09,11.25,11.95,185573.22,219363.529,002772.SZ
2021-09-06,11.89,12.5,11.68,12.18,198591.45,241682.252,002772.SZ
2021-09-07,12.02,12.32,11.93,12.2,143514.36,174180.059,002772.SZ
2021-09-08,12.19,12.68,11.99,12.41,211613.78,260654.267,002772.SZ
2021-09-09,12.27,12.63,12.11,12.16,144384.18,177754.013,002772.SZ
2021-09-10,12.05,12.57,11.95,12.41,147112.31,181319.938,002772.SZ
2021-09-13,12.31,12.37,11.85,11.9,139210.09,167741.479,002772.SZ
2021-09-14,11.83,12.18,11.78,11.93,99295.01,119011.546,002772.SZ
2021-09-15,11.77,11.8,11.51,11.61,105202.2,122375.818,002772.SZ
2021-09-16,11.62,12.24,11.61,11.86,151063.75,180447.417,002772.SZ
2021-09-17,11.86,11.96,11.31,11.65,126148.4,146274.047,002772.SZ
2021-09-22,11.56,11.56,11.13,11.17,101728.95,114090.581,002772.SZ
2021-09-23,11.18,11.43,11.18,11.22,77202.78,87180.964,002772.SZ
2021-09-24,11.23,11.5,11.08,11.36,88822.33,100385.473,002772.SZ
2021-09-27,11.26,12.45,11.26,12.02,197633.87,235986.392,002772.SZ
2021-09-28,11.8,11.81,11.08,11.25,131364.62,148203.258,002772.SZ
2021-09-29,11.2,11.43,10.93,10.93,96091.1,106797.193,002772.SZ
2021-09-30,10.31,10.51,9.84,10.12,194251.67,194327.969,002772.SZ
2021-10-08,9.98,10.83,9.91,10.78,178712.15,188239.174,002772.SZ
2021-10-11,10.67,11.17,10.52,10.61,123379.8,133266.286,002772.SZ
2021-10-12,10.75,10.75,10.12,10.24,97462.05,100713.693,002772.SZ
2021-10-13,10.43,10.46,9.97,10.37,91194.51,93167.767,002772.SZ
2021-10-14,10.3,10.5,10.18,10.31,68121.0,70059.748,002772.SZ
2021-10-15,10.29,10.65,10.16,10.17,94086.49,97295.439,002772.SZ
2021-10-18,9.15,9.15,9.15,9.15,18463.0,16893.645,002772.SZ
2021-10-19,8.24,8.24,8.24,8.24,31728.0,26143.872,002772.SZ
2021-10-20,8.03,8.73,8.03,8.35,534882.8,442737.876,002772.SZ
2021-10-21,7.96,8.16,7.82,7.95,371946.04,297776.389,002772.SZ
2021-10-22,7.94,8.0,7.67,7.72,256659.72,199881.926,002772.SZ
2021-10-25,7.77,7.92,7.73,7.82,198371.96,155200.263,002772.SZ
2021-10-26,7.76,7.97,7.66,7.87,192572.55,151007.736,002772.SZ
2021-10-27,7.86,7.86,7.5,7.79,189452.96,145066.664,002772.SZ
2021-10-28,7.67,7.74,7.41,7.44,147492.53,110900.475,002772.SZ
2021-10-29,7.44,7.66,7.44,7.62,157315.45,119265.098,002772.SZ
2021-11-01,7.65,7.91,7.57,7.82,173177.25,134713.495,002772.SZ
2021-11-02,7.8,8.0,7.7,7.76,254235.76,199594.271,002772.SZ
2021-11-03,7.71,7.94,7.67,7.93,208512.3,163042.231,002772.SZ
2021-11-04,7.86,8.19,7.85,8.13,231743.03,187300.423,002772.SZ
2021-11-05,8.13,8.25,7.85,7.88,177620.0,142117.821,002772.SZ
2021-11-08,7.8,7.9,7.71,7.76,107536.4,83552.654,002772.SZ
2021-11-09,7.77,7.93,7.7,7.84,132482.25,103339.9,002772.SZ
2021-11-10,7.8,7.96,7.67,7.87,130566.45,101705.929,002772.SZ
2021-11-11,7.86,8.05,7.83,7.92,135621.37,107725.384,002772.SZ
2021-11-12,7.93,8.14,7.87,8.03,154916.57,124151.024,002772.SZ
2021-11-15,8.03,8.23,7.85,8.2,187840.95,151785.437,002772.SZ
2021-11-16,8.19,8.24,7.9,8.0,159277.16,128537.705,002772.SZ
2021-11-17,7.96,8.04,7.87,8.03,92425.81,73489.873,002772.SZ
2021-11-18,8.05,8.06,7.78,7.8,144952.15,114235.28,002772.SZ
2021-11-19,7.8,8.23,7.7,8.01,207704.28,165329.13,002772.SZ
2021-11-22,8.13,8.15,7.82,7.89,172714.85,136201.209,002772.SZ
2021-11-23,7.9,7.96,7.84,7.85,114922.98,90608.298,002772.SZ
2021-11-24,7.85,7.94,7.75,7.88,111251.83,87138.197,002772.SZ
2021-11-25,7.85,7.95,7.82,7.86,91811.11,72272.03,002772.SZ
2021-11-26,7.86,7.86,7.76,7.76,92647.0,72133.791,002772.SZ
2021-11-29,7.69,7.72,7.6,7.65,95746.93,73372.172,002772.SZ
2021-11-30,7.66,7.93,7.65,7.91,181855.14,142695.173,002772.SZ
2021-12-01,7.91,8.03,7.86,7.91,179910.77,142734.294,002772.SZ
2021-12-02,7.94,8.45,7.91,8.12,372036.04,303870.445,002772.SZ
2021-12-03,8.1,8.15,7.91,8.03,211325.17,169155.342,002772.SZ
2021-12-06,8.05,8.09,7.81,7.82,158482.15,125223.03,002772.SZ
2021-12-07,7.81,7.9,7.8,7.89,93745.94,73615.817,002772.SZ
2021-12-08,7.89,8.09,7.81,8.04,145978.37,116122.751,002772.SZ
2021-12-09,8.04,8.6,8.01,8.27,316468.28,262911.42,002772.SZ
2021-12-10,8.36,9.1,8.26,9.1,400797.61,355450.716,002772.SZ
2021-12-13,9.43,9.7,8.9,9.09,714388.92,661542.933,002772.SZ
2021-12-14,8.97,9.0,8.69,8.74,408523.31,359273.755,002772.SZ
2021-12-15,8.66,8.79,8.55,8.68,225203.47,195275.427,002772.SZ
2021-12-16,8.63,8.81,8.55,8.77,269333.01,233905.314,002772.SZ
2021-12-17,8.66,9.55,8.56,9.13,459000.98,412366.682,002772.SZ
2021-12-20,9.11,9.32,8.9,8.9,361141.24,329581.362,002772.SZ
2021-12-21,8.84,9.0,8.72,8.93,223066.03,197412.579,002772.SZ
2021-12-22,8.88,8.93,8.65,8.68,201545.0,176493.231,002772.SZ
2021-12-23,8.69,8.78,8.53,8.71,158886.1,137598.793,002772.SZ
2021-12-24,8.71,8.72,8.4,8.41,147069.36,125206.427,002772.SZ
2021-12-27,8.36,8.73,8.35,8.58,132377.5,113610.926,002772.SZ
2021-12-28,8.58,8.72,8.46,8.5,111353.64,95374.816,002772.SZ
2021-12-29,8.5,8.5,8.2,8.24,130825.66,108326.018,002772.SZ
2021-12-30,8.2,8.35,8.19,8.26,86215.41,71346.553,002772.SZ
2021-12-31,8.25,8.43,8.24,8.36,84879.65,70807.458,002772.SZ
2022-01-04,8.34,8.76,8.32,8.73,243376.99,209956.658,002772.SZ
2022-01-05,8.65,8.79,8.51,8.66,171321.47,148057.52,002772.SZ
2022-01-06,8.68,8.73,8.56,8.67,123677.26,106896.985,002772.SZ
2022-01-07,8.7,8.7,8.31,8.33,174973.83,148070.914,002772.SZ
2022-01-10,8.34,8.46,8.13,8.42,105641.82,88066.441,002772.SZ
2022-01-11,8.36,8.65,8.34,8.39,100449.14,84987.515,002772.SZ
2022-01-12,8.42,8.76,8.31,8.67,194720.56,166820.249,002772.SZ
2022-01-13,8.88,8.97,8.62,8.73,253541.72,221863.675,002772.SZ
2022-01-14,8.61,8.9,8.39,8.41,255477.0,221506.65,002772.SZ
2022-01-17,8.43,8.6,8.27,8.58,204241.02,173356.681,002772.SZ
2022-01-18,8.55,8.65,8.27,8.29,201081.19,167885.647,002772.SZ
2022-01-19,8.35,8.71,8.3,8.56,232323.28,197673.918,002772.SZ
2022-01-20,8.5,8.6,8.28,8.28,180374.92,151152.583,002772.SZ
2022-01-21,8.2,8.2,7.7,7.89,164254.88,130030.818,002772.SZ
2022-01-24,7.83,7.93,7.81,7.88,63373.57,49919.681,002772.SZ
2022-01-25,7.83,7.92,7.49,7.5,109985.1,84283.434,002772.SZ
2022-01-26,7.5,7.59,7.45,7.57,60661.71,45694.797,002772.SZ
2022-01-27,7.56,7.61,7.4,7.4,65320.41,48821.819,002772.SZ
2022-01-28,7.42,7.63,7.35,7.55,71931.6,53913.728,002772.SZ
2022-02-07,7.65,7.74,7.55,7.74,57223.0,43768.917,002772.SZ
2022-02-08,7.72,7.91,7.62,7.89,64095.76,50095.45,002772.SZ
2022-02-09,7.88,7.99,7.83,7.95,57471.0,45591.685,002772.SZ
2022-02-10,7.96,7.99,7.83,7.93,97721.46,77180.622,002772.SZ
2022-02-11,7.85,7.89,7.7,7.72,65218.29,50611.523,002772.SZ
2022-02-14,7.69,7.8,7.68,7.73,40489.05,31349.738,002772.SZ
2022-02-15,7.73,7.78,7.62,7.65,48484.35,37272.204,002772.SZ
2022-02-16,7.67,7.73,7.63,7.73,42814.05,32936.442,002772.SZ
2022-02-17,7.73,7.79,7.6,7.62,64578.9,49637.019,002772.SZ
2022-02-18,7.59,7.7,7.55,7.69,49824.47,38119.996,002772.SZ
2022-02-21,7.71,7.89,7.7,7.89,77532.94,60772.368,002772.SZ
2022-02-22,7.85,7.94,7.74,7.82,68512.45,53599.875,002772.SZ
2022-02-23,7.93,8.05,7.78,7.85,84760.25,66621.16,002772.SZ
2022-02-24,7.78,7.9,7.49,7.58,106770.38,82326.406,002772.SZ
2022-02-25,7.61,7.73,7.6,7.66,53768.17,41220.961,002772.SZ
2022-02-28,7.66,7.7,7.53,7.65,52626.2,40067.344,002772.SZ
2022-03-01,7.67,7.8,7.63,7.79,62807.01,48566.372,002772.SZ
2022-03-02,7.8,7.98,7.75,7.92,101729.17,80340.07,002772.SZ
2022-03-03,7.88,7.96,7.85,7.92,74110.09,58578.13,002772.SZ
2022-03-04,7.94,7.94,7.82,7.86,52261.85,41123.058,002772.SZ
2022-03-07,7.91,7.95,7.79,7.86,64746.0,50877.311,002772.SZ
2022-03-08,7.81,7.82,7.53,7.54,69179.46,53034.057,002772.SZ
2022-03-09,7.64,7.64,6.98,7.32,92692.8,68135.046,002772.SZ
2022-03-10,7.41,7.53,7.34,7.44,67898.83,50537.151,002772.SZ
2022-03-11,7.36,7.6,7.2,7.6,69840.76,51902.451,002772.SZ
2022-03-14,7.51,7.81,7.48,7.51,85348.0,65384.874,002772.SZ
2022-03-15,7.46,7.57,7.02,7.03,90754.2,66329.353,002772.SZ
2022-03-16,7.15,7.24,6.87,7.2,71951.05,50916.077,002772.SZ
2022-03-17,7.25,7.47,7.21,7.36,61815.26,45648.119,002772.SZ
2022-03-18,7.32,7.58,7.3,7.51,63298.08,47261.555,002772.SZ
2022-03-21,7.56,7.88,7.49,7.86,124898.0,97124.225,002772.SZ
2022-03-22,7.84,7.99,7.72,7.82,72216.15,56402.606,002772.SZ
2022-03-23,7.8,7.95,7.75,7.86,63211.7,49627.358,002772.SZ
2022-03-24,7.93,7.99,7.84,7.86,109845.15,86897.712,002772.SZ
2022-03-25,7.84,8.2,7.83,8.13,152084.75,123478.884,002772.SZ
2022-03-28,8.18,8.24,7.95,8.0,172156.91,138886.863,002772.SZ
2022-03-29,7.96,8.2,7.91,8.17,167477.61,135981.84,002772.SZ
2022-03-30,8.03,8.09,7.94,8.01,124255.14,99372.035,002772.SZ
2022-03-31,7.92,8.06,7.89,7.92,85756.2,68339.298,002772.SZ
2022-04-01,7.96,8.15,7.89,7.98,92987.05,74309.264,002772.SZ
2022-04-06,7.81,8.17,7.76,8.13,122879.19,99091.07,002772.SZ
2022-04-07,8.05,8.12,7.84,7.86,90999.16,72080.929,002772.SZ
2022-04-08,7.88,7.93,7.59,7.65,71645.41,55006.409,002772.SZ
2022-04-11,7.59,7.99,7.59,7.77,159930.35,125016.856,002772.SZ
2022-04-12,7.5,7.8,7.4,7.73,165846.1,125519.161,002772.SZ
2022-04-13,7.85,8.03,7.59,7.75,135110.01,104899.565,002772.SZ
2022-04-14,7.71,7.8,7.6,7.77,91134.83,70472.719,002772.SZ
2022-04-15,7.73,7.97,7.69,7.7,105614.1,82250.256,002772.SZ
2022-04-18,7.68,8.29,7.63,8.29,287114.26,231739.571,002772.SZ
2022-04-19,8.24,8.31,8.06,8.16,242477.88,198169.196,002772.SZ
2022-04-20,8.23,8.45,8.11,8.32,275661.68,228307.386,002772.SZ
2022-04-21,8.21,8.34,7.8,7.86,213302.16,171415.952,002772.SZ
2022-04-22,7.7,7.81,7.24,7.31,200678.05,148083.421,002772.SZ
2022-04-25,7.15,7.2,6.58,6.58,170454.09,116693.338,002772.SZ
2022-04-26,6.57,6.74,6.27,6.32,121071.05,78668.694,002772.SZ
2022-04-27,6.3,6.44,6.1,6.42,106140.1,66477.497,002772.SZ
2022-04-28,6.34,6.39,6.07,6.26,99130.01,61685.386,002772.SZ
2022-04-29,6.22,6.54,6.22,6.48,91779.57,59051.855,002772.SZ
2022-05-05,6.46,6.69,6.35,6.6,84377.92,55668.45,002772.SZ
2022-05-06,6.47,6.6,6.36,6.45,71027.09,46040.27,002772.SZ
2022-05-09,6.48,6.65,6.48,6.61,55838.04,36833.629,002772.SZ
2022-05-10,6.61,6.68,6.5,6.68,67987.04,44831.195,002772.SZ
2022-05-11,6.65,6.75,6.6,6.6,78069.0,52133.046,002772.SZ
2022-05-12,6.56,6.69,6.5,6.61,61845.43,40746.345,002772.SZ
2022-05-13,6.59,6.72,6.55,6.65,56039.4,37141.014,002772.SZ
2022-05-16,6.68,6.94,6.67,6.79,135394.69,92288.171,002772.SZ
2022-05-17,6.78,6.79,6.59,6.67,86922.1,57878.197,002772.SZ
2022-05-18,6.67,6.75,6.61,6.74,64479.3,43204.817,002772.SZ
2022-05-19,6.56,6.75,6.51,6.69,75728.3,50399.372,002772.SZ
2022-05-20,6.65,6.75,6.65,6.74,78186.23,52443.559,002772.SZ
2022-05-23,6.74,6.94,6.71,6.89,96906.65,66378.57,002772.SZ
2022-05-24,6.89,6.95,6.57,6.59,86665.2,58384.092,002772.SZ
2022-05-25,6.6,6.81,6.59,6.79,64773.48,43487.539,002772.SZ
2022-05-26,6.85,6.85,6.64,6.78,54064.05,36389.124,002772.SZ
2022-05-27,6.79,6.8,6.68,6.78,56001.88,37788.934,002772.SZ
2022-05-30,6.82,6.9,6.74,6.79,75441.0,51314.934,002772.SZ
2022-05-31,6.78,7.04,6.73,6.95,145714.55,101076.14,002772.SZ
2022-06-01,6.96,6.98,6.84,6.92,83431.45,57728.866,002772.SZ
2022-06-02,6.87,6.96,6.79,6.95,63404.6,43685.39,002772.SZ
2022-06-06,6.93,7.05,6.86,7.04,88670.15,61871.523,002772.SZ
2022-06-07,7.06,7.06,6.9,6.94,73170.0,50885.135,002772.SZ
2022-06-08,6.94,6.97,6.78,6.92,70020.0,48215.712,002772.SZ
2022-06-09,6.93,6.99,6.76,6.81,61101.1,41881.099,002772.SZ
2022-06-10,6.85,6.86,6.72,6.84,49622.0,33825.702,002772.SZ
2022-06-13,6.84,6.9,6.77,6.84,54212.05,37049.496,002772.SZ
2022-06-14,6.84,6.93,6.73,6.91,77864.0,53250.548,002772.SZ
2022-06-15,6.93,6.99,6.89,6.91,74971.51,51994.762,002772.SZ
2022-06-16,6.91,7.05,6.89,6.98,72406.55,50533.959,002772.SZ
2022-06-17,6.96,7.01,6.79,6.93,64315.0,44333.928,002772.SZ
2022-06-20,6.9,7.07,6.89,7.04,87751.05,61419.023,002772.SZ
2022-06-21,7.05,7.07,6.95,7.03,56894.37,39905.068,002772.SZ
2022-06-22,7.08,7.08,6.93,6.94,99888.0,69920.17,002772.SZ
2022-06-23,6.88,6.97,6.83,6.97,61510.0,42467.88,002772.SZ
2022-06-24,6.97,6.99,6.91,6.99,50050.0,34856.3,002772.SZ
2022-06-27,7.06,7.09,6.97,6.99,48567.74,34016.026,002772.SZ
2022-06-28,6.98,7.11,6.97,7.09,85614.36,60443.43,002772.SZ
2022-06-29,7.09,7.1,6.95,6.95,72803.13,51147.67,002772.SZ
2022-06-30,6.96,7.12,6.96,7.02,84580.04,59457.953,002772.SZ
2022-07-01,7.02,7.08,6.94,7.01,59403.0,41614.862,002772.SZ
2022-07-04,7.02,7.06,6.9,7.01,95534.57,66796.233,002772.SZ
2022-07-05,7.03,7.03,6.78,6.89,102050.02,70246.544,002772.SZ
2022-07-06,6.86,6.86,6.65,6.69,64867.97,43763.169,002772.SZ
2022-07-07,6.69,6.76,6.68,6.71,51445.55,34585.068,002772.SZ
2022-07-08,6.72,6.88,6.68,6.82,60033.46,40904.609,002772.SZ
2022-07-11,6.82,6.96,6.8,6.95,88783.53,61323.991,002772.SZ
2022-07-12,6.89,7.0,6.76,6.77,65047.28,44576.531,002772.SZ
2022-07-13,6.77,7.04,6.74,7.04,101484.07,70588.352,002772.SZ
2022-07-14,6.93,6.98,6.85,6.91,106272.98,73387.309,002772.SZ
2022-07-15,6.93,6.95,6.6,6.61,103666.1,69773.166,002772.SZ
2022-07-18,6.57,6.94,6.56,6.89,88265.18,60343.246,002772.SZ
2022-07-19,6.92,7.03,6.89,6.97,63770.26,44369.787,002772.SZ
2022-07-20,6.97,7.03,6.93,6.95,44224.54,30771.034,002772.SZ
2022-07-21,6.88,6.96,6.86,6.87,38023.0,26262.857,002772.SZ
2022-07-22,6.86,6.94,6.82,6.89,37707.09,25967.516,002772.SZ
2022-07-25,6.89,6.96,6.81,6.84,37432.0,25734.244,002772.SZ
2022-07-26,6.83,6.97,6.79,6.95,48386.05,33338.539,002772.SZ
2022-07-27,6.94,7.15,6.92,7.15,98598.36,69765.897,002772.SZ
2022-07-28,7.17,7.75,7.11,7.42,172741.4,128541.611,002772.SZ
2022-07-29,7.47,7.49,7.28,7.3,83012.07,60876.245,002772.SZ
2022-08-01,7.26,7.33,7.14,7.17,57821.0,41516.581,002772.SZ
2022-08-02,7.16,7.16,6.73,6.87,93854.1,64450.227,002772.SZ
2022-08-03,6.86,7.11,6.85,6.92,79416.67,55469.812,002772.SZ
2022-08-04,6.97,7.01,6.87,6.99,46536.67,32344.491,002772.SZ
2022-08-05,7.04,7.09,6.93,7.06,42615.2,29833.585,002772.SZ
2022-08-08,7.06,7.12,6.98,7.03,48855.53,34319.672,002772.SZ
2022-08-09,7.02,7.09,6.92,7.08,58166.14,40800.093,002772.SZ
2022-08-10,7.05,7.07,6.98,7.0,45930.0,32185.314,002772.SZ
2022-08-11,7.02,7.51,7.02,7.42,130392.11,95061.173,002772.SZ
2022-08-12,7.5,7.57,7.36,7.43,94383.28,70439.686,002772.SZ
2022-08-15,7.46,7.54,7.37,7.47,53357.33,39759.717,002772.SZ
2022-08-16,7.57,7.6,7.47,7.54,64977.82,49006.037,002772.SZ
2022-08-17,7.62,7.66,7.46,7.48,59015.1,44343.521,002772.SZ
2022-08-18,7.37,7.54,7.26,7.27,56049.33,40997.714,002772.SZ
2022-08-19,7.29,7.4,7.25,7.31,52096.61,38214.521,002772.SZ
2022-08-22,7.31,7.47,7.21,7.36,54896.35,40482.344,002772.SZ
2022-08-23,7.37,7.55,7.29,7.5,52267.0,38918.206,002772.SZ
2022-08-24,7.5,7.61,7.41,7.47,92544.15,69379.812,002772.SZ
2022-08-25,7.47,7.57,7.42,7.48,64202.43,48065.551,002772.SZ
2022-08-26,7.51,7.71,7.43,7.7,86366.0,65877.609,002772.SZ
2022-08-29,7.6,7.72,7.53,7.72,79844.14,61028.268,002772.SZ
2022-08-30,7.65,7.95,7.57,7.76,111615.92,86327.519,002772.SZ
2022-08-31,7.71,7.95,7.52,7.65,140885.49,108991.359,002772.SZ
2022-09-01,7.6,7.83,7.53,7.58,93594.19,71657.887,002772.SZ
2022-09-02,7.58,7.71,7.53,7.65,59580.99,45302.417,002772.SZ
2022-09-05,7.63,7.71,7.52,7.64,50149.0,38090.264,002772.SZ
2022-09-06,7.66,7.8,7.55,7.8,61825.14,47604.029,002772.SZ
2022-09-07,7.76,7.78,7.63,7.68,64374.0,49372.338,002772.SZ
2022-09-08,7.69,7.73,7.31,7.32,70626.1,52641.657,002772.SZ
2022-09-09,7.41,7.42,7.25,7.34,45603.0,33410.766,002772.SZ
2022-09-13,7.49,7.78,7.42,7.65,102916.33,78298.473,002772.SZ
2022-09-14,7.53,7.67,7.43,7.44,72538.0,54707.04,002772.SZ
2022-09-15,7.5,7.58,7.2,7.31,62167.77,45699.785,002772.SZ
2022-09-16,7.33,7.43,7.08,7.08,58590.66,42473.98,002772.SZ
2022-09-19,7.04,7.12,6.9,6.96,52497.31,36698.047,002772.SZ
2022-09-20,7.07,7.34,7.05,7.26,71575.52,51661.751,002772.SZ
2022-09-21,7.33,7.39,7.12,7.37,55957.52,40714.994,002772.SZ
2022-09-22,7.33,7.66,7.3,7.53,72826.87,54646.161,002772.SZ
2022-09-23,7.58,7.61,7.35,7.37,56737.34,42118.046,002772.SZ
2022-09-26,7.33,7.33,6.98,7.05,64130.66,45545.198,002772.SZ
2022-09-27,7.05,7.2,6.9,7.17,53441.0,37701.887,002772.SZ
2022-09-28,7.12,7.42,7.08,7.2,62102.19,45150.886,002772.SZ
2022-09-29,7.2,7.31,7.07,7.11,64000.07,46090.705,002772.SZ
2022-09-30,7.05,7.11,6.82,6.91,56839.88,39573.167,002772.SZ
2022-10-10,6.96,7.11,6.88,6.98,49584.36,34748.358,002772.SZ
2022-10-11,6.98,7.11,6.81,7.11,51944.0,36103.093,002772.SZ
2022-10-12,7.82,7.82,7.82,7.82,27798.34,21738.302,002772.SZ
2022-10-13,8.6,8.6,8.54,8.6,168996.67,145325.504,002772.SZ
2022-10-14,8.6,9.35,8.5,8.98,663870.22,593861.713,002772.SZ
2022-10-17,8.88,9.08,8.53,8.86,374498.6,329298.586,002772.SZ
2022-10-18,8.8,8.98,8.67,8.86,260095.13,229120.573,002772.SZ
2022-10-19,8.87,9.02,8.51,8.7,262884.3,229144.722,002772.SZ
2022-10-20,8.61,8.78,8.26,8.31,261160.54,221329.209,002772.SZ
2022-10-21,8.32,8.44,8.2,8.34,157413.06,131212.947,002772.SZ
2022-10-24,8.32,8.59,8.22,8.33,169998.25,143170.384,002772.SZ
2022-10-25,8.33,8.51,8.02,8.44,165500.58,136505.616,002772.SZ
2022-10-26,8.33,8.4,8.14,8.3,138695.19,114667.028,002772.SZ
2022-10-27,8.28,8.34,8.15,8.24,118124.0,97363.625,002772.SZ
2022-10-28,8.15,8.21,7.84,7.91,149118.93,119466.85,002772.SZ
2022-10-31,7.78,8.1,7.77,8.03,111472.71,89412.497,002772.SZ
2022-11-01,8.05,8.32,8.05,8.22,132213.43,108306.861,002772.SZ
2022-11-02,8.19,8.32,8.14,8.21,108754.47,89512.505,002772.SZ
2022-11-03,8.18,8.28,8.12,8.25,87792.05,72099.703,002772.SZ
2022-11-04,8.25,8.33,8.18,8.28,122793.26,101442.521,002772.SZ
2022-11-07,8.24,8.28,8.15,8.2,92297.65,75705.498,002772.SZ
2022-11-08,8.17,8.26,8.0,8.07,85704.0,69251.983,002772.SZ
2022-11-09,8.06,8.23,8.03,8.21,75696.06,61752.162,002772.SZ
2022-11-10,8.18,8.2,8.08,8.14,59893.06,48635.588,002772.SZ
2022-11-11,8.18,8.41,8.17,8.28,139806.93,115891.964,002772.SZ
2022-11-14,8.28,8.53,8.22,8.39,131877.48,110812.86,002772.SZ
2022-11-15,8.4,8.45,8.15,8.24,134433.0,110700.79,002772.SZ
2022-11-16,8.21,8.24,8.1,8.19,76608.6,62648.32,002772.SZ
2022-11-17,8.18,8.27,8.14,8.21,66615.72,54638.911,002772.SZ
2022-11-18,8.19,8.34,8.15,8.16,106140.31,87669.496,002772.SZ
2022-11-21,8.05,8.2,7.81,8.15,98568.77,79024.663,002772.SZ
2022-11-22,8.18,8.34,8.04,8.06,93846.65,76942.724,002772.SZ
2022-11-23,8.1,8.18,7.94,7.96,64426.86,51648.539,002772.SZ
2022-11-24,7.96,8.09,7.92,7.97,54764.0,43868.823,002772.SZ
2022-11-25,7.94,8.04,7.91,7.99,42787.37,34121.943,002772.SZ
2022-11-28,7.89,8.02,7.66,8.01,92813.0,72728.178,002772.SZ
2022-11-29,8.0,8.11,7.95,8.09,54317.0,43783.293,002772.SZ
2022-11-30,8.08,8.29,8.06,8.13,76532.08,62735.702,002772.SZ
2022-12-01,8.16,8.38,8.16,8.31,98230.74,81556.17,002772.SZ
2022-12-02,8.23,8.67,8.2,8.62,179930.98,153188.787,002772.SZ
2022-12-05,8.68,9.45,8.66,8.78,194430.91,171414.93,002772.SZ
2022-12-06,8.74,8.98,8.66,8.72,120921.03,106189.175,002772.SZ
2022-12-07,8.73,8.85,8.65,8.76,84110.03,73565.655,002772.SZ
2022-12-08,8.73,8.78,8.45,8.52,83453.78,71427.703,002772.SZ
2022-12-09,8.57,8.62,8.33,8.51,75194.0,63599.43,002772.SZ
2022-12-12,8.53,8.59,8.31,8.34,72283.0,60722.804,002772.SZ
2022-12-13,8.4,8.65,8.37,8.64,100693.46,86197.484,002772.SZ
2022-12-14,8.51,8.58,8.4,8.56,70189.0,59698.393,002772.SZ
2022-12-15,8.61,9.0,8.51,8.72,127440.18,111357.298,002772.SZ
2022-12-16,8.65,8.79,8.57,8.77,80878.46,70138.109,002772.SZ
2022-12-19,8.77,8.8,8.38,8.44,108658.0,92004.754,002772.SZ
2022-12-20,8.44,8.59,8.2,8.24,73639.03,61380.178,002772.SZ
2022-12-21,8.25,8.41,8.11,8.29,66363.03,55032.67,002772.SZ
2022-12-22,8.35,8.6,8.35,8.4,83881.3,70923.133,002772.SZ
2022-12-23,8.26,8.54,8.09,8.17,83863.1,69214.743,002772.SZ
2022-12-26,8.29,8.53,8.15,8.21,102384.0,84822.842,002772.SZ
2022-12-27,8.26,8.46,8.08,8.46,126041.96,104693.503,002772.SZ
2022-12-28,8.32,8.37,8.01,8.07,139215.0,113684.823,002772.SZ
2022-12-29,8.07,8.2,7.99,8.1,77523.54,62734.755,002772.SZ
2022-12-30,8.07,8.34,7.9,8.32,126272.28,102727.545,002772.SZ
2023-01-03,8.28,8.33,8.12,8.32,87303.0,72008.521,002772.SZ
2023-01-04,8.3,8.68,8.23,8.57,140480.13,119556.97,002772.SZ
2023-01-05,8.65,8.66,8.35,8.53,109132.0,92651.454,002772.SZ
2023-01-06,8.57,8.6,8.35,8.36,77444.0,65263.024,002772.SZ
2023-01-09,8.37,8.76,8.31,8.66,123336.1,105849.089,002772.SZ
2023-01-10,8.61,8.7,8.53,8.69,91940.26,79276.043,002772.SZ
2023-01-11,8.68,8.84,8.44,8.56,195022.66,168238.919,002772.SZ
2023-01-12,8.51,8.54,8.07,8.1,227112.26,187931.998,002772.SZ
2023-01-13,8.09,8.24,8.06,8.12,135095.0,110018.976,002772.SZ
2023-01-16,8.19,8.88,8.17,8.51,227792.67,193804.042,002772.SZ
2023-01-17,8.55,8.66,8.19,8.25,148692.15,123821.418,002772.SZ
2023-01-18,8.24,8.26,8.16,8.18,94661.08,77616.121,002772.SZ
2023-01-19,8.15,8.24,8.1,8.18,98072.81,79887.574,002772.SZ
2023-01-20,8.18,8.32,8.18,8.3,90927.8,75133.586,002772.SZ
2023-01-30,8.36,9.13,8.35,9.13,263706.29,232934.466,002772.SZ
2023-01-31,9.14,9.18,8.89,9.07,343444.6,310239.34,002772.SZ
2023-02-01,9.07,9.28,8.97,9.18,261148.43,238911.852,002772.SZ
2023-02-02,9.17,9.34,9.03,9.27,241310.42,221460.678,002772.SZ
2023-02-03,9.26,9.39,9.08,9.16,180408.25,166159.938,002772.SZ
2023-02-06,9.14,9.43,9.09,9.42,192116.42,178067.836,002772.SZ
2023-02-07,9.32,9.42,9.13,9.41,176372.26,163612.313,002772.SZ
2023-02-08,9.32,9.35,9.16,9.23,119132.2,109910.551,002772.SZ
2023-02-09,9.24,9.57,9.19,9.35,161736.52,151497.174,002772.SZ
2023-02-10,9.41,9.66,9.31,9.6,205794.5,196533.545,002772.SZ
2023-02-13,9.68,9.78,9.46,9.54,178171.71,170681.384,002772.SZ
2023-02-14,9.69,9.73,9.3,9.33,171875.8,162034.271,002772.SZ
2023-02-15,9.43,9.43,9.21,9.27,123746.0,114842.466,002772.SZ
2023-02-16,9.23,9.27,8.93,8.99,126378.07,115415.492,002772.SZ
2023-02-17,9.04,9.16,8.99,9.0,83450.13,75604.385,002772.SZ
2023-02-20,9.06,9.09,8.89,9.08,79223.0,71212.646,002772.SZ
2023-02-21,9.1,9.21,9.01,9.1,86357.33,78622.75,002772.SZ
2023-02-22,9.02,9.2,9.01,9.11,74678.47,68069.969,002772.SZ
2023-02-23,9.1,9.34,9.06,9.29,136306.14,125974.007,002772.SZ
2023-02-24,9.18,9.25,9.05,9.08,107671.49,98116.219,002772.SZ
2023-02-27,9.05,9.38,9.02,9.25,153285.26,142209.277,002772.SZ
2023-02-28,9.25,9.33,9.15,9.3,78968.0,72926.796,002772.SZ
2023-03-01,9.25,9.38,9.21,9.36,96667.53,90027.933,002772.SZ
2023-03-02,9.39,9.45,9.25,9.27,86082.4,80259.126,002772.SZ
2023-03-03,9.33,9.53,9.25,9.29,126670.25,118604.058,002772.SZ
2023-03-06,9.25,9.65,9.25,9.56,163743.69,155350.136,002772.SZ
2023-03-07,9.59,9.8,9.33,9.36,135663.33,129145.466,002772.SZ
2023-03-08,9.32,9.43,9.24,9.32,82100.13,76391.752,002772.SZ
2023-03-09,9.3,9.34,9.16,9.2,70565.87,65153.248,002772.SZ
2023-03-10,9.15,9.2,9.06,9.1,66159.0,60314.399,002772.SZ
2023-03-13,9.1,9.14,8.97,9.1,78476.34,71029.841,002772.SZ
2023-03-14,9.07,9.19,8.7,8.83,111013.14,98736.465,002772.SZ
2023-03-15,8.92,9.03,8.86,8.98,55534.0,49704.548,002772.SZ
2023-03-16,8.96,9.51,8.93,9.3,205088.75,190262.644,002772.SZ
2023-03-17,9.3,9.33,9.11,9.18,137005.39,125894.11,002772.SZ
2023-03-20,9.18,9.18,8.89,9.06,103166.45,92877.386,002772.SZ
2023-03-21,9.01,9.05,8.9,8.96,110650.96,98924.061,002772.SZ
2023-03-22,8.99,9.19,8.92,8.95,119056.45,107599.198,002772.SZ
2023-03-23,8.97,8.98,8.72,8.75,113717.08,99976.958,002772.SZ
2023-03-24,8.75,8.88,8.72,8.79,72214.08,63449.895,002772.SZ
2023-03-27,8.79,8.79,8.46,8.53,109247.0,93496.718,002772.SZ
2023-03-28,8.55,8.64,8.5,8.55,51529.02,44040.405,002772.SZ
2023-03-29,8.58,8.82,8.52,8.57,80703.21,69619.737,002772.SZ
2023-03-30,8.56,8.56,8.34,8.43,71099.02,59768.247,002772.SZ
2023-03-31,8.47,8.62,8.47,8.56,74567.49,63798.833,002772.SZ
2023-04-03,8.68,9.07,8.62,8.86,159064.61,141484.287,002772.SZ
2023-04-04,8.85,9.12,8.85,9.05,145164.21,130908.35,002772.SZ
2023-04-06,9.05,9.17,8.9,8.95,77176.08,69331.672,002772.SZ
2023-04-07,9.06,9.55,9.01,9.48,244558.51,229412.59,002772.SZ
2023-04-10,9.57,9.72,9.32,9.62,210014.1,200391.295,002772.SZ
2023-04-11,10.58,10.58,10.58,10.58,54649.04,57818.684,002772.SZ
2023-04-12,11.6,11.64,11.23,11.64,650498.39,751608.233,002772.SZ
2023-04-13,11.85,11.93,11.19,11.26,665007.8,767486.156,002772.SZ
2023-04-14,11.26,11.38,10.85,11.03,379571.4,420288.02,002772.SZ
2023-04-17,11.0,11.16,10.92,11.01,235153.53,259987.582,002772.SZ
2023-04-18,10.95,11.0,10.67,10.87,246721.95,266923.602,002772.SZ
2023-04-19,10.95,11.34,10.92,11.11,280624.57,312104.136,002772.SZ
2023-04-20,10.98,11.23,10.86,11.17,199661.39,221293.302,002772.SZ
2023-04-21,11.2,11.56,11.05,11.24,303069.34,342310.431,002772.SZ
2023-04-24,11.45,11.58,10.98,11.17,222865.05,249147.943,002772.SZ
2023-04-25,10.99,11.44,10.99,11.31,205439.55,231008.952,002772.SZ
2023-04-26,11.13,11.26,10.85,10.98,184128.3,202930.291,002772.SZ
2023-04-27,10.88,11.07,10.81,10.86,124333.53,135622.404,002772.SZ
2023-04-28,10.85,11.04,10.83,10.9,101150.0,110453.599,002772.SZ
2023-05-04,10.9,11.13,10.76,11.11,134370.13,147839.302,002772.SZ
2023-05-05,11.03,11.03,10.71,10.93,117189.88,126953.002,002772.SZ
2023-05-08,10.88,11.02,10.7,10.76,119392.17,128914.388,002772.SZ
2023-05-09,10.46,10.52,10.27,10.31,94777.46,98364.907,002772.SZ
2023-05-10,10.21,10.27,10.11,10.17,73325.77,74571.577,002772.SZ
2023-05-11,10.24,10.34,10.09,10.18,71728.0,73236.664,002772.SZ
2023-05-12,10.1,10.45,10.1,10.25,89950.96,92739.538,002772.SZ
2023-05-15,10.29,10.39,10.11,10.38,69627.0,71478.657,002772.SZ
2023-05-16,10.37,10.37,10.19,10.26,47683.42,48886.811,002772.SZ
2023-05-17,10.19,10.49,10.16,10.44,78856.8,81692.152,002772.SZ
2023-05-18,10.41,10.67,10.3,10.32,87008.78,90979.226,002772.SZ
2023-05-19,10.32,10.65,10.19,10.51,98081.0,102434.546,002772.SZ
2023-05-22,10.46,10.89,10.45,10.72,124699.33,133612.767,002772.SZ
2023-05-23,10.72,10.75,10.36,10.37,79422.81,83577.47,002772.SZ
2023-05-24,10.4,10.47,10.28,10.38,60365.0,62647.167,002772.SZ
2023-05-25,10.33,10.45,10.16,10.3,56701.31,58371.406,002772.SZ
2023-05-26,10.28,10.33,10.16,10.27,42582.69,43561.701,002772.SZ
2023-05-29,10.3,10.47,10.2,10.24,70453.0,72697.619,002772.SZ
2023-05-30,10.24,10.27,10.12,10.27,54154.2,55207.788,002772.SZ
2023-05-31,10.27,10.58,10.25,10.35,56895.22,59222.138,002772.SZ
2023-06-01,10.33,10.71,10.26,10.65,91222.84,96632.128,002772.SZ
2023-06-02,10.64,10.69,10.48,10.51,63014.0,66500.883,002772.SZ
2023-06-05,10.6,10.63,10.48,10.6,51453.88,54316.276,002772.SZ
2023-06-06,10.54,10.72,10.46,10.5,67801.0,71786.831,002772.SZ
2023-06-07,10.42,10.59,10.32,10.54,45361.0,47613.622,002772.SZ
2023-06-08,10.49,10.9,10.45,10.78,107796.52,115899.545,002772.SZ
2023-06-09,10.8,10.84,10.54,10.67,72200.84,77002.159,002772.SZ
2023-06-12,10.7,10.77,10.5,10.67,77383.26,82258.515,002772.SZ
2023-06-13,10.64,10.74,10.57,10.61,52322.25,55577.924,002772.SZ
2023-06-14,10.61,10.75,10.52,10.6,61326.96,65207.794,002772.SZ
2023-06-15,10.6,10.61,10.35,10.41,70746.11,73881.9,002772.SZ
2023-06-16,10.45,10.6,10.42,10.48,67576.0,71124.615,002772.SZ
2023-06-19,10.53,10.59,10.3,10.31,53935.12,56210.388,002772.SZ
2023-06-20,10.31,10.38,10.16,10.17,47287.0,48441.855,002772.SZ
2023-06-21,10.22,10.22,9.97,10.02,58423.29,58800.446,002772.SZ
2023-06-26,10.0,10.07,9.88,9.88,64954.0,64798.76,002772.SZ
2023-06-27,9.87,10.06,9.83,10.03,46625.0,46696.372,002772.SZ
2023-06-28,10.0,10.13,9.86,10.11,45356.02,45365.917,002772.SZ
2023-06-29,10.1,10.74,10.05,10.52,144392.4,152109.505,002772.SZ
2023-06-30,10.51,11.38,10.51,11.3,270124.49,298040.864,002772.SZ
2023-07-03,11.22,11.22,10.32,10.43,316447.0,335218.976,002772.SZ
2023-07-04,10.31,10.35,9.97,10.25,191371.87,194111.416,002772.SZ
2023-07-05,10.26,10.28,10.09,10.12,101488.53,102918.346,002772.SZ
2023-07-06,10.11,10.19,10.02,10.17,83536.27,84530.164,002772.SZ
2023-07-07,10.13,10.68,10.08,10.42,161431.77,167801.698,002772.SZ
2023-07-10,10.51,10.69,10.23,10.4,108098.0,112588.106,002772.SZ
2023-07-11,10.4,10.49,10.25,10.29,69388.15,71699.357,002772.SZ
2023-07-12,10.26,10.42,10.11,10.12,124295.0,126930.103,002772.SZ
2023-07-13,10.15,10.2,9.98,10.13,101646.0,102417.328,002772.SZ
2023-07-14,10.1,10.16,10.03,10.07,66532.65,67135.824,002772.SZ
2023-07-17,10.03,10.03,9.84,9.89,101611.0,100714.536,002772.SZ
2023-07-18,9.89,9.94,9.76,9.8,94166.37,92437.787,002772.SZ
2023-07-19,9.78,9.87,9.63,9.7,94623.26,92045.587,002772.SZ
2023-07-20,9.7,9.76,9.46,9.5,89046.07,85177.238,002772.SZ
2023-07-21,9.47,9.66,9.46,9.59,74925.86,71885.42,002772.SZ
2023-07-24,9.59,9.62,9.52,9.55,53263.97,50989.13,002772.SZ
2023-07-25,9.61,9.64,9.55,9.64,60951.07,58521.655,002772.SZ
2023-07-26,9.6,9.64,9.49,9.52,74649.0,71268.68,002772.SZ
2023-07-27,9.56,9.58,9.44,9.47,51284.0,48714.288,002772.SZ
2023-07-28,9.43,9.55,9.36,9.53,60820.97,57574.097,002772.SZ
2023-07-31,9.58,9.79,9.54,9.77,115794.52,112409.299,002772.SZ
2023-08-01,9.74,9.8,9.68,9.74,70126.0,68195.784,002772.SZ
2023-08-02,9.73,9.84,9.67,9.78,69582.86,68080.444,002772.SZ
2023-08-03,9.73,9.79,9.69,9.75,46340.87,45155.501,002772.SZ
2023-08-04,9.79,9.83,9.71,9.73,51595.0,50325.883,002772.SZ
2023-08-07,9.77,9.88,9.7,9.8,74647.0,73106.218,002772.SZ
2023-08-08,9.78,9.84,9.66,9.73,49448.86,48061.53,002772.SZ
2023-08-09,9.7,9.73,9.63,9.64,48934.0,47340.044,002772.SZ
2023-08-10,9.65,9.72,9.6,9.65,39080.71,37758.487,002772.SZ
2023-08-11,9.69,9.7,9.46,9.46,42574.75,40734.972,002772.SZ
2023-08-14,9.41,9.43,9.25,9.34,46143.0,42971.161,002772.SZ
2023-08-15,9.31,9.44,9.27,9.29,42801.0,40026.892,002772.SZ
2023-08-16,9.29,9.47,9.26,9.31,46713.74,43701.775,002772.SZ
2023-08-17,9.27,9.4,9.14,9.4,43227.72,40089.671,002772.SZ
2023-08-18,9.34,9.41,9.18,9.2,40711.98,37826.906,002772.SZ
2023-08-21,9.1,9.19,8.76,8.77,145948.43,129395.599,002772.SZ
2023-08-22,8.85,8.94,8.66,8.82,76691.92,67118.133,002772.SZ
2023-08-23,8.82,8.89,8.73,8.79,50736.43,44760.791,002772.SZ
2023-08-24,8.85,9.03,8.74,9.01,77629.69,69133.579,002772.SZ
2023-08-25,9.01,9.16,8.9,8.92,84292.0,76096.167,002772.SZ
2023-08-28,9.25,9.32,9.02,9.09,100485.91,92406.379,002772.SZ
2023-08-29,9.06,9.2,8.97,9.18,66330.0,60428.781,002772.SZ
2023-08-30,9.16,9.24,9.11,9.16,54256.0,49719.879,002772.SZ
2023-08-31,9.12,9.19,9.08,9.16,40063.58,36625.805,002772.SZ
2023-09-01,9.14,9.25,9.1,9.14,58990.05,54095.375,002772.SZ
2023-09-04,9.15,9.24,9.07,9.18,77228.26,70558.309,002772.SZ
2023-09-05,9.15,9.18,9.06,9.12,53255.74,48490.975,002772.SZ
2023-09-06,9.07,9.12,9.03,9.06,31807.03,28830.047,002772.SZ
2023-09-07,9.06,9.07,8.88,8.88,39222.0,35168.355,002772.SZ
2023-09-08,8.91,8.92,8.8,8.82,35175.0,31106.371,002772.SZ
2023-09-11,8.8,8.91,8.79,8.9,43373.26,38438.027,002772.SZ
2023-09-12,8.88,9.01,8.85,8.95,34666.05,31050.838,002772.SZ
2023-09-13,8.91,8.98,8.77,8.85,42989.05,38122.967,002772.SZ
2023-09-14,8.85,8.85,8.68,8.75,39070.0,34136.768,002772.SZ
2023-09-15,8.77,8.85,8.72,8.77,32029.0,28126.268,002772.SZ
2023-09-18,8.75,8.93,8.69,8.92,41928.0,37101.206,002772.SZ
2023-09-19,8.91,8.93,8.77,8.8,41770.34,36862.908,002772.SZ
2023-09-20,8.79,8.86,8.74,8.75,26088.0,22954.702,002772.SZ
2023-09-21,8.75,8.77,8.61,8.63,37535.0,32548.047,002772.SZ
2023-09-22,8.6,8.81,8.6,8.8,39145.0,34177.087,002772.SZ
2023-09-25,8.8,8.9,8.78,8.81,31664.0,27976.196,002772.SZ
2023-09-26,8.83,8.86,8.75,8.77,29264.75,25742.054,002772.SZ
2023-09-27,8.71,8.82,8.66,8.77,29172.0,25598.294,002772.SZ
2023-09-28,8.81,8.84,8.75,8.83,29698.0,26168.193,002772.SZ
2023-10-09,8.86,8.86,8.58,8.61,64670.0,55856.065,002772.SZ
2023-10-10,8.6,8.76,8.54,8.55,43376.0,37311.397,002772.SZ
2023-10-11,8.6,8.66,8.53,8.56,39055.0,33560.713,002772.SZ
2023-10-12,8.62,8.63,8.53,8.58,34981.0,29991.731,002772.SZ
2023-10-13,8.56,8.56,8.35,8.37,56225.0,47244.561,002772.SZ
2023-10-16,8.36,8.43,8.28,8.34,47049.0,39285.647,002772.SZ
2023-10-17,8.39,8.39,8.25,8.28,39156.1,32448.962,002772.SZ
2023-10-18,8.28,8.34,8.18,8.18,43990.24,36280.113,002772.SZ
2023-10-19,8.2,8.26,8.1,8.14,31860.54,26047.238,002772.SZ
2023-10-20,8.11,8.21,8.05,8.06,38848.5,31550.327,002772.SZ
2023-10-23,8.05,8.12,7.84,7.87,47717.0,37955.11,002772.SZ
2023-10-24,7.94,8.13,7.92,8.1,59889.0,48298.46,002772.SZ
2023-10-25,8.06,8.21,8.05,8.16,43413.94,35428.831,002772.SZ
2023-10-26,8.15,8.19,8.06,8.17,42731.47,34705.211,002772.SZ
2023-10-27,8.15,8.42,8.09,8.39,62590.26,51961.115,002772.SZ
2023-10-30,8.23,8.39,8.15,8.16,119722.37,98140.604,002772.SZ
2023-10-31,8.16,8.18,8.02,8.05,66491.11,53728.439,002772.SZ
2023-11-01,8.07,8.18,8.07,8.18,53504.0,43551.195,002772.SZ
2023-11-02,8.15,8.2,8.1,8.1,41707.0,33926.319,002772.SZ
2023-11-03,8.1,8.2,8.09,8.14,34689.26,28270.221,002772.SZ
2023-11-06,8.19,8.2,8.13,8.19,62898.0,51347.373,002772.SZ
2023-11-07,8.19,8.29,8.08,8.27,86603.08,70934.308,002772.SZ
2023-11-08,8.21,8.27,8.17,8.24,54809.0,45041.612,002772.SZ
2023-11-09,8.23,8.29,8.2,8.26,62633.27,51695.824,002772.SZ
2023-11-10,8.24,8.28,8.17,8.25,38910.0,31996.455,002772.SZ
2023-11-13,8.26,8.28,8.2,8.27,41919.94,34550.861,002772.SZ
2023-11-14,8.25,8.3,8.22,8.26,40482.27,33399.621,002772.SZ
2023-11-15,8.28,8.35,8.23,8.34,76625.47,63564.985,002772.SZ
2023-11-16,8.32,8.37,8.27,8.28,45516.0,37840.782,002772.SZ
2023-11-17,8.26,8.3,8.23,8.28,27158.58,22449.801,002772.SZ
2023-11-20,8.28,8.36,8.26,8.34,49329.58,41067.373,002772.SZ
2023-11-21,8.35,8.38,8.27,8.3,52707.0,43945.347,002772.SZ
2023-11-22,8.29,8.37,8.26,8.3,50031.42,41663.1,002772.SZ
2023-11-23,8.29,8.38,8.28,8.37,40683.49,33901.146,002772.SZ
2023-11-24,8.36,8.48,8.35,8.43,66664.05,56086.997,002772.SZ
2023-11-27,8.46,8.49,8.39,8.49,63775.03,53852.324,002772.SZ
2023-11-28,8.48,8.64,8.4,8.61,89458.33,76531.349,002772.SZ
2023-11-29,8.61,8.61,8.53,8.55,63490.19,54332.91,002772.SZ
2023-11-30,8.57,8.59,8.45,8.52,53391.4,45483.031,002772.SZ
2023-12-01,8.52,8.64,8.49,8.59,64982.81,55720.067,002772.SZ
2023-12-04,8.59,8.6,8.47,8.52,56308.16,47967.213,002772.SZ
2023-12-05,8.5,8.55,8.44,8.44,50021.65,42561.581,002772.SZ
2023-12-06,8.43,8.59,8.41,8.55,63050.42,53740.304,002772.SZ
2023-12-07,8.54,8.54,8.34,8.48,51358.05,43295.69,002772.SZ
2023-12-08,8.47,8.49,8.16,8.17,82063.15,67981.296,002772.SZ
2023-12-11,8.16,8.17,7.98,8.03,93958.0,75460.679,002772.SZ
2023-12-12,8.02,8.04,7.9,8.0,59541.19,47361.778,002772.SZ
2023-12-13,7.96,8.02,7.91,7.91,47990.77,38229.44,002772.SZ
2023-12-14,7.92,7.99,7.91,7.93,45870.61,36450.251,002772.SZ
2023-12-15,7.92,7.97,7.89,7.96,39222.0,31133.412,002772.SZ
2023-12-18,7.95,7.95,7.8,7.83,42920.0,33786.087,002772.SZ
2023-12-19,7.84,8.12,7.8,7.95,77904.65,62096.468,002772.SZ
2023-12-20,7.96,8.02,7.83,7.84,40220.07,31821.028,002772.SZ
2023-12-21,7.82,7.87,7.7,7.86,43513.43,33890.514,002772.SZ
2023-12-22,7.87,7.94,7.76,7.82,58054.04,45432.062,002772.SZ
2023-12-25,7.8,7.8,7.65,7.7,37745.57,29054.694,002772.SZ
2023-12-26,7.67,7.7,7.56,7.57,30580.0,23292.146,002772.SZ
2023-12-27,7.55,7.74,7.55,7.74,34390.79,26417.106,002772.SZ
2023-12-28,7.73,7.85,7.67,7.84,33421.95,26016.185,002772.SZ
2023-12-29,7.84,7.89,7.8,7.89,32638.0,25609.878,002772.SZ
2024-01-02,7.88,8.13,7.84,8.04,65906.03,52858.279,002772.SZ
2024-01-03,8.01,8.11,7.99,8.05,29661.99,23875.589,002772.SZ
2024-01-04,8.05,8.08,8.01,8.06,22043.0,17739.383,002772.SZ
2024-01-05,8.06,8.07,7.88,7.93,30511.0,24336.608,002772.SZ
2024-01-08,7.89,7.91,7.7,7.7,30195.26,23568.76,002772.SZ
2024-01-09,7.74,7.89,7.72,7.83,32833.0,25686.405,002772.SZ
2024-01-10,7.89,7.89,7.77,7.85,26455.07,20761.024,002772.SZ
2024-01-11,7.85,7.95,7.81,7.93,26341.21,20828.788,002772.SZ
2024-01-12,7.95,8.06,7.88,7.99,29416.61,23542.084,002772.SZ
2024-01-15,7.92,8.0,7.87,7.95,26675.0,21165.671,002772.SZ
2024-01-16,7.95,8.01,7.83,7.95,29795.0,23596.695,002772.SZ
2024-01-17,7.94,7.94,7.75,7.76,24260.0,19072.206,002772.SZ
2024-01-18,7.72,7.73,7.34,7.59,58089.42,43583.132,002772.SZ
2024-01-19,7.56,7.61,7.43,7.44,27153.0,20379.507,002772.SZ
2024-01-22,7.44,7.47,6.91,7.0,53180.62,38344.766,002772.SZ
2024-01-23,7.0,7.0,6.8,6.93,40005.14,27573.718,002772.SZ
2024-01-24,6.94,7.11,6.75,7.08,41978.85,29181.498,002772.SZ
2024-01-25,7.07,7.4,7.07,7.39,46722.85,34024.156,002772.SZ
2024-01-26,7.41,7.62,7.39,7.53,45790.24,34490.181,002772.SZ
2024-01-29,7.53,7.57,7.35,7.38,38447.0,28650.41,002772.SZ
2024-01-30,7.3,7.41,7.14,7.16,33050.35,24054.731,002772.SZ
2024-01-31,7.2,7.2,6.8,6.81,47719.0,33247.177,002772.SZ
2024-02-01,6.78,6.83,6.54,6.66,47512.45,31722.744,002772.SZ
2024-02-02,6.66,6.79,6.19,6.39,61843.91,40132.026,002772.SZ
2024-02-05,6.3,6.34,5.76,5.93,89368.63,53189.018,002772.SZ
2024-02-06,5.76,6.2,5.47,6.03,87382.86,50507.072,002772.SZ
2024-02-07,6.02,6.19,5.75,5.98,101161.08,60221.482,002772.SZ
2024-02-08,6.1,6.43,5.93,6.4,95237.16,59102.18,002772.SZ
2024-02-19,6.42,6.65,6.42,6.47,79671.17,51801.57,002772.SZ
2024-02-20,6.41,6.48,6.3,6.46,42639.51,27361.026,002772.SZ
2024-02-21,6.42,6.69,6.36,6.54,70490.14,46361.273,002772.SZ
2024-02-22,6.55,6.64,6.5,6.64,63599.16,41827.189,002772.SZ
2024-02-23,6.65,6.77,6.6,6.77,68477.15,45755.637,002772.SZ
2024-02-26,6.77,6.97,6.71,6.81,67424.75,45949.025,002772.SZ
2024-02-27,6.8,6.99,6.71,6.99,61421.26,42405.147,002772.SZ
2024-02-28,6.99,7.23,6.68,6.7,101242.53,70459.217,002772.SZ
2024-02-29,6.7,6.86,6.65,6.85,66430.02,45170.606,002772.SZ
2024-03-01,6.86,6.92,6.78,6.83,54241.24,37057.364,002772.SZ
2024-03-04,6.83,6.86,6.68,6.75,44083.15,29717.472,002772.SZ
2024-03-05,6.73,6.75,6.61,6.63,37826.0,25186.217,002772.SZ
2024-03-06,6.63,6.72,6.6,6.68,37569.26,25003.082,002772.SZ
2024-03-07,6.68,6.78,6.64,6.7,43039.97,28881.149,002772.SZ
2024-03-08,6.7,6.73,6.6,6.73,32287.34,21552.624,002772.SZ
2024-03-11,6.73,6.86,6.7,6.86,48378.64,32830.889,002772.SZ
2024-03-12,6.87,6.95,6.82,6.94,54318.42,37455.086,002772.SZ
2024-03-13,6.99,7.63,6.87,7.63,192585.93,141556.046,002772.SZ
2024-03-14,8.13,8.39,7.92,7.95,521175.76,428009.196,002772.SZ
2024-03-15,8.14,8.75,8.14,8.75,467668.04,403934.95,002772.SZ
2024-03-18,9.0,9.63,8.75,9.18,825146.21,754173.448,002772.SZ
2024-03-19,8.64,8.94,8.56,8.63,448193.16,390067.359,002772.SZ
2024-03-20,8.53,8.63,8.23,8.34,365346.81,304904.425,002772.SZ
2024-03-21,8.34,8.66,8.24,8.52,366829.86,309704.287,002772.SZ
2024-03-22,8.43,8.95,8.26,8.43,325007.53,277987.588,002772.SZ
2024-03-25,8.33,8.35,7.95,7.95,240407.9,195130.77,002772.SZ
2024-03-26,8.0,8.0,7.65,7.76,198492.41,154680.347,002772.SZ
2024-03-27,7.79,7.94,7.59,7.59,160387.77,124565.788,002772.SZ
2024-03-28,7.51,7.74,7.51,7.66,149815.0,114572.955,002772.SZ
2024-03-29,7.63,7.76,7.57,7.75,133467.15,102342.913,002772.SZ
2024-04-01,7.74,7.84,7.72,7.82,133047.57,103485.732,002772.SZ
2024-04-02,7.77,7.78,7.61,7.64,127312.82,97846.297,002772.SZ
2024-04-03,7.59,7.75,7.54,7.73,121934.38,93383.183,002772.SZ
2024-04-08,7.73,7.74,7.52,7.52,116162.0,88690.311,002772.SZ
2024-04-09,7.41,7.52,7.29,7.49,124943.81,92496.729,002772.SZ
2024-04-10,7.49,7.52,7.18,7.27,97143.36,71171.94,002772.SZ
2024-04-11,7.25,7.33,7.19,7.27,64434.99,46931.506,002772.SZ
2024-04-12,7.25,7.3,7.12,7.13,73158.77,52627.057,002772.SZ
2024-04-15,7.09,7.17,6.77,6.88,108399.26,74947.672,002772.SZ
2024-04-16,6.82,6.85,6.46,6.48,98905.05,65479.244,002772.SZ
2024-04-17,6.56,6.88,6.56,6.88,92900.0,63125.7,002772.SZ
2024-04-18,6.9,6.98,6.81,6.93,73500.61,50834.857,002772.SZ
2024-04-19,6.84,6.98,6.82,6.88,53100.02,36597.017,002772.SZ
2024-04-22,6.85,6.96,6.75,6.95,70078.69,48302.35,002772.SZ
2024-04-23,6.91,7.06,6.87,7.02,70014.72,48838.015,002772.SZ
2024-04-24,7.04,7.05,6.97,7.02,56030.28,39275.155,002772.SZ
2024-04-25,7.03,7.21,6.99,7.2,79711.97,56540.455,002772.SZ
2024-04-26,7.0,7.0,6.78,6.93,135151.97,93027.955,002772.SZ
2024-04-29,6.89,7.1,6.87,7.08,91043.14,63837.749,002772.SZ
2024-04-30,7.08,7.15,7.0,7.08,62908.54,44526.397,002772.SZ
2024-05-06,7.12,7.27,7.12,7.27,72358.49,52187.262,002772.SZ
2024-05-07,7.25,7.28,7.17,7.27,56126.43,40584.57,002772.SZ
2024-05-08,7.28,7.35,7.19,7.24,75247.42,54626.291,002772.SZ
2024-05-09,7.28,7.37,7.25,7.34,80548.52,59008.512,002772.SZ
2024-05-10,7.34,7.67,7.34,7.52,185020.3,139497.957,002772.SZ
2024-05-13,7.38,7.39,7.23,7.24,117798.52,85762.633,002772.SZ
2024-05-14,7.2,7.3,7.2,7.28,64711.56,47010.624,002772.SZ
2024-05-15,7.25,7.35,7.19,7.27,62526.08,45497.81,002772.SZ
2024-05-16,7.04,7.1,6.97,6.99,63589.85,44712.651,002772.SZ
2024-05-17,6.98,7.04,6.88,7.01,54376.82,37864.415,002772.SZ
2024-05-20,7.03,7.18,7.01,7.05,69610.0,49432.074,002772.SZ
2024-05-21,7.03,7.1,6.98,7.0,52167.14,36628.294,002772.SZ
2024-05-22,6.99,7.05,6.92,6.96,47729.0,33240.241,002772.SZ
2024-05-23,6.97,6.98,6.75,6.77,59553.0,40688.008,002772.SZ
2024-05-24,6.75,6.88,6.75,6.79,48019.82,32818.701,002772.SZ
2024-05-27,6.81,6.82,6.66,6.78,41845.46,28094.83,002772.SZ
2024-05-28,6.74,6.79,6.65,6.67,30919.0,20720.678,002772.SZ
2024-05-29,6.61,6.74,6.6,6.69,26793.05,17907.509,002772.SZ
2024-05-30,6.69,6.71,6.61,6.66,25474.51,16940.089,002772.SZ
2024-05-31,6.68,6.69,6.62,6.65,22834.72,15171.23,002772.SZ
2024-06-03,6.67,6.67,6.42,6.49,47274.0,30831.868,002772.SZ
2024-06-04,6.47,6.47,6.34,6.42,32172.16,20593.458,002772.SZ
2024-06-05,6.38,6.44,6.23,6.23,38552.0,24302.782,002772.SZ
2024-06-06,6.23,6.29,5.9,5.98,76158.64,45953.535,002772.SZ
2024-06-07,6.0,6.23,6.0,6.21,49336.21,30353.896,002772.SZ
2024-06-11,6.2,6.22,6.08,6.16,25699.01,15764.881,002772.SZ
2024-06-12,6.18,6.27,6.11,6.24,37111.78,23042.422,002772.SZ
2024-06-13,6.24,6.26,6.14,6.16,28920.57,17910.141,002772.SZ
2024-06-14,6.14,6.24,6.1,6.2,33897.0,21011.255,002772.SZ
2024-06-17,6.18,6.23,6.15,6.17,20835.0,12889.608,002772.SZ
2024-06-18,6.17,6.23,6.16,6.18,23374.28,14474.94,002772.SZ
2024-06-19,6.2,6.21,6.12,6.16,22708.9,13992.382,002772.SZ
2024-06-20,6.18,6.18,6.03,6.03,24322.26,14792.254,002772.SZ
2024-06-21,6.01,6.11,5.98,6.03,18716.0,11322.125,002772.SZ
2024-06-24,5.99,6.02,5.77,5.83,34436.0,20183.24,002772.SZ
2024-06-25,5.82,5.96,5.82,5.91,28533.14,16871.223,002772.SZ
2024-06-26,5.91,6.09,5.85,6.08,28196.0,16860.244,002772.SZ
2024-06-27,6.08,6.1,5.97,5.99,20564.68,12413.528,002772.SZ
2024-06-28,6.0,6.07,5.97,5.99,19289.1,11610.863,002772.SZ
2024-07-01,5.98,6.08,5.94,6.08,26043.05,15738.975,002772.SZ
2024-07-02,6.1,6.17,6.06,6.15,28261.0,17348.485,002772.SZ
2024-07-03,6.13,6.21,6.11,6.14,22697.0,13971.745,002772.SZ
2024-07-04,6.14,6.14,5.98,6.0,27808.0,16792.102,002772.SZ
2024-07-05,5.99,6.07,5.93,6.06,15831.69,9516.735,002772.SZ
2024-07-08,6.01,6.04,5.88,5.89,21347.82,12645.553,002772.SZ
2024-07-09,5.91,5.94,5.71,5.94,30981.0,18096.591,002772.SZ
2024-07-10,5.77,5.8,5.69,5.72,46900.5,26922.007,002772.SZ
2024-07-11,5.8,5.98,5.8,5.91,42626.05,25104.611,002772.SZ
2024-07-12,5.92,5.96,5.85,5.87,22601.72,13324.532,002772.SZ
2024-07-15,5.87,5.89,5.73,5.78,21230.0,12262.24,002772.SZ
2024-07-16,5.77,5.84,5.73,5.8,18121.0,10485.47,002772.SZ
2024-07-17,5.8,5.9,5.77,5.81,21853.26,12736.348,002772.SZ
2024-07-18,5.79,5.81,5.69,5.79,25873.26,14871.053,002772.SZ
2024-07-19,5.74,5.84,5.72,5.78,24252.22,13995.978,002772.SZ
2024-07-22,5.76,5.79,5.7,5.73,20079.39,11521.84,002772.SZ
2024-07-23,5.71,5.79,5.67,5.67,26596.85,15256.321,002772.SZ
2024-07-24,5.65,5.67,5.55,5.57,30375.85,17001.465,002772.SZ
2024-07-25,5.56,5.66,5.52,5.61,20002.0,11194.225,002772.SZ
2024-07-26,5.65,5.7,5.62,5.69,21591.85,12250.567,002772.SZ
2024-07-29,5.78,5.78,5.67,5.68,17207.85,9812.934,002772.SZ
2024-07-30,5.69,5.78,5.66,5.76,18726.14,10755.149,002772.SZ
2024-07-31,5.75,5.89,5.75,5.88,36908.88,21567.498,002772.SZ
2024-08-01,5.9,5.98,5.89,5.94,38722.39,23000.571,002772.SZ
2024-08-02,5.93,6.02,5.9,5.92,27296.0,16278.496,002772.SZ
2024-08-05,5.82,6.02,5.82,5.85,34093.98,20258.227,002772.SZ
2024-08-06,5.98,5.99,5.9,5.96,27413.93,16286.585,002772.SZ
2024-08-07,5.94,5.98,5.92,5.93,18528.1,11005.619,002772.SZ
2024-08-08,5.94,6.08,5.9,6.07,36629.14,22030.405,002772.SZ
2024-08-09,6.1,6.11,6.01,6.02,23783.0,14373.705,002772.SZ
2024-08-12,6.03,6.08,5.97,6.02,19155.23,11533.649,002772.SZ
2024-08-13,6.02,6.03,5.94,5.99,17485.0,10454.937,002772.SZ
2024-08-14,6.03,6.03,5.96,5.98,17892.0,10723.831,002772.SZ
2024-08-15,5.95,6.07,5.95,6.03,24931.0,15046.87,002772.SZ
2024-08-16,6.01,6.08,5.98,6.0,26354.26,15839.75,002772.SZ
2024-08-19,5.98,6.6,5.98,6.25,148428.68,93157.797,002772.SZ
2024-08-20,6.17,6.37,6.04,6.08,122943.47,75760.151,002772.SZ
2024-08-21,6.06,6.1,5.95,5.97,58455.0,35066.976,002772.SZ
2024-08-22,5.99,6.02,5.8,5.8,43700.0,25688.798,002772.SZ
2024-08-23,5.81,5.84,5.72,5.77,28647.05,16520.234,002772.SZ
2024-08-26,5.77,5.95,5.75,5.94,34642.93,20428.384,002772.SZ
2024-08-27,5.94,6.08,5.86,5.88,32256.14,19236.927,002772.SZ
2024-08-28,5.82,6.0,5.8,5.92,24928.0,14737.79,002772.SZ
2024-08-29,5.91,5.95,5.85,5.93,21792.33,12883.022,002772.SZ
2024-08-30,5.94,6.06,5.89,5.98,42413.0,25462.649,002772.SZ
2024-09-02,5.98,6.04,5.93,5.94,28627.0,17151.219,002772.SZ
2024-09-03,5.92,6.01,5.91,6.0,25815.0,15435.94,002772.SZ
2024-09-04,5.97,6.05,5.95,5.96,29713.0,17811.768,002772.SZ
2024-09-05,5.95,6.03,5.95,6.02,29591.05,17768.128,002772.SZ
2024-09-06,6.05,6.06,5.94,5.97,28999.01,17424.272,002772.SZ
2024-09-09,5.97,6.02,5.89,5.98,24605.01,14698.326,002772.SZ
2024-09-10,6.01,6.04,5.9,5.98,25115.0,14986.494,002772.SZ
2024-09-11,5.95,5.99,5.91,5.93,21916.0,13034.198,002772.SZ
2024-09-12,5.96,6.03,5.94,5.97,23824.0,14272.745,002772.SZ
2024-09-13,6.01,6.03,5.95,5.98,22079.89,13224.594,002772.SZ
2024-09-18,5.97,6.01,5.79,5.84,32006.85,18753.658,002772.SZ
2024-09-19,5.88,6.05,5.87,6.03,48999.26,29385.67,002772.SZ
2024-09-20,6.03,6.06,5.97,6.02,24946.0,15014.83,002772.SZ
2024-09-23,6.03,6.04,5.98,5.99,24417.0,14659.099,002772.SZ
2024-09-24,5.99,6.13,5.98,6.12,50932.99,30919.817,002772.SZ
2024-09-25,6.16,6.26,6.14,6.15,64854.14,40244.835,002772.SZ
2024-09-26,6.14,6.42,6.12,6.42,83817.0,52839.269,002772.SZ
2024-09-27,6.49,6.65,6.4,6.59,150849.26,98300.592,002772.SZ
2024-09-30,6.7,7.12,6.6,7.07,228261.05,156926.312,002772.SZ
2024-10-08,7.7,7.76,6.96,7.24,256614.43,187726.199,002772.SZ
2024-10-09,7.05,7.08,6.56,6.56,144319.77,97934.04,002772.SZ
2024-10-10,6.6,6.75,6.53,6.68,96429.02,64405.577,002772.SZ
2024-10-11,6.68,6.71,6.47,6.51,72323.24,47559.826,002772.SZ
2024-10-14,6.56,6.63,6.49,6.57,67213.85,44134.021,002772.SZ
2024-10-15,6.54,6.56,6.46,6.5,61157.89,39858.784,002772.SZ
2024-10-16,6.45,6.56,6.43,6.54,47716.82,31096.04,002772.SZ
2024-10-17,6.54,6.59,6.45,6.46,49796.0,32469.075,002772.SZ
2024-10-18,6.46,6.59,6.4,6.53,83781.01,54400.313,002772.SZ
2024-10-21,6.64,6.64,6.54,6.57,85847.76,56606.062,002772.SZ
2024-10-22,6.57,6.74,6.55,6.73,104121.71,69647.62,002772.SZ
2024-10-23,6.74,6.75,6.64,6.69,72785.0,48657.191,002772.SZ
2024-10-24,6.68,6.73,6.64,6.71,53247.0,35623.576,002772.SZ
2024-10-25,6.69,6.77,6.69,6.75,104071.83,70113.949,002772.SZ
2024-10-28,6.85,7.14,6.85,7.12,228965.51,161013.085,002772.SZ
2024-10-29,7.15,7.15,6.9,6.93,116628.72,81442.913,002772.SZ
2024-10-30,6.89,7.0,6.84,6.93,87135.48,60261.343,002772.SZ
2024-10-31,6.93,6.97,6.89,6.95,97033.41,67301.466,002772.SZ
2024-11-01,6.94,7.0,6.83,6.87,88954.28,61488.586,002772.SZ
2024-11-04,6.86,6.91,6.79,6.9,78811.2,54106.293,002772.SZ
2024-11-05,6.89,6.99,6.89,6.97,112462.47,78212.791,002772.SZ
2024-11-06,6.96,7.1,6.9,7.1,177984.35,125070.061,002772.SZ
2024-11-07,7.14,7.28,7.04,7.25,196615.43,141881.898,002772.SZ
2024-11-08,7.34,7.34,7.13,7.15,172773.1,124336.894,002772.SZ
2024-11-11,7.15,7.16,7.06,7.16,95673.57,68041.556,002772.SZ
2024-11-12,7.17,7.26,7.14,7.19,122595.99,88237.483,002772.SZ
2024-11-13,7.19,7.22,7.01,7.11,81588.31,57921.249,002772.SZ
2024-11-14,7.09,7.17,7.01,7.02,77175.68,54635.089,002772.SZ
2024-11-15,7.2,7.28,7.04,7.05,145155.0,103918.149,002772.SZ
2024-11-18,7.18,7.3,7.07,7.1,160811.05,115291.742,002772.SZ
2024-11-19,7.11,7.12,6.94,7.09,106698.86,75160.741,002772.SZ
2024-11-20,7.09,7.22,7.09,7.22,115163.84,82580.589,002772.SZ
2024-11-21,7.2,7.24,7.14,7.22,84935.0,61134.469,002772.SZ
2024-11-22,7.22,7.23,6.96,6.98,91902.99,65467.247,002772.SZ
2024-11-25,7.02,7.17,6.96,7.15,91451.37,64935.797,002772.SZ
2024-11-26,7.16,7.28,7.15,7.22,94753.78,68470.007,002772.SZ
2024-11-27,7.26,7.27,7.03,7.22,96292.36,68717.056,002772.SZ
2024-11-28,7.2,7.52,7.18,7.45,217949.07,160979.034,002772.SZ
2024-11-29,7.46,7.55,7.39,7.5,144227.11,107814.636,002772.SZ
2024-12-02,7.5,7.64,7.48,7.62,148739.61,112492.594,002772.SZ
2024-12-03,7.62,7.68,7.54,7.59,104432.36,79435.087,002772.SZ
2024-12-04,7.57,7.65,7.42,7.47,102554.22,77191.443,002772.SZ
2024-12-05,7.46,7.53,7.41,7.5,82479.0,61658.595,002772.SZ
2024-12-06,7.5,7.62,7.49,7.6,83423.22,63110.394,002772.SZ
2024-12-09,7.61,7.66,7.51,7.59,68954.01,52302.336,002772.SZ
2024-12-10,7.75,7.8,7.57,7.6,92165.0,70596.875,002772.SZ
2024-12-11,7.6,7.76,7.58,7.74,81180.07,62514.446,002772.SZ
2024-12-12,7.77,8.04,7.71,8.02,154315.49,122237.717,002772.SZ
2024-12-13,7.97,8.02,7.82,7.9,129687.74,102691.534,002772.SZ
2024-12-16,7.95,8.06,7.9,8.0,120168.0,96043.362,002772.SZ
2024-12-17,8.0,8.8,7.83,7.87,378438.84,309524.653,002772.SZ
2024-12-18,7.71,8.09,7.71,7.81,293331.75,231198.804,002772.SZ
2024-12-19,7.77,8.04,7.69,7.8,233199.49,183771.408,002772.SZ
2024-12-20,7.8,8.07,7.8,7.98,213605.0,169411.387,002772.SZ
2024-12-23,7.95,8.26,7.7,7.95,275005.96,219429.715,002772.SZ
2024-12-24,7.9,8.05,7.55,7.69,221940.14,172182.185,002772.SZ
2024-12-25,7.69,7.72,7.3,7.42,175283.87,130228.383,002772.SZ
2024-12-26,7.46,7.6,7.41,7.45,96581.39,72394.415,002772.SZ
2024-12-27,7.46,7.77,7.42,7.7,149431.4,114353.442,002772.SZ
2024-12-30,7.61,7.7,7.4,7.42,109599.0,81798.763,002772.SZ
2024-12-31,7.44,7.62,7.34,7.37,102537.81,76665.571,002772.SZ
2025-01-02,7.36,7.57,7.3,7.37,95078.88,70754.234,002772.SZ
2025-01-03,7.4,7.42,7.08,7.13,109019.66,78862.413,002772.SZ
2025-01-06,7.1,7.18,6.92,7.05,74712.29,52713.914,002772.SZ
2025-01-07,7.06,7.17,6.98,7.17,67724.0,47918.377,002772.SZ
2025-01-08,7.13,7.18,6.96,7.11,67986.35,48060.765,002772.SZ
2025-01-09,7.09,7.14,7.03,7.07,41444.0,29372.713,002772.SZ
2025-01-10,7.09,7.1,6.83,6.83,56588.73,39280.444,002772.SZ
2025-01-13,6.81,6.84,6.6,6.81,56499.14,38163.368,002772.SZ
2025-01-14,6.85,7.03,6.85,7.03,65979.0,45954.723,002772.SZ
2025-01-15,7.03,7.08,6.95,7.02,45253.62,31794.177,002772.SZ
2025-01-16,7.07,7.18,7.03,7.18,70652.0,50362.053,002772.SZ
2025-01-17,7.25,7.28,7.08,7.23,56876.0,40859.911,002772.SZ
2025-01-20,7.26,7.3,7.15,7.23,54160.77,39246.463,002772.SZ
2025-01-21,7.26,7.32,7.06,7.12,53332.0,38081.022,002772.SZ
2025-01-22,7.09,7.23,7.03,7.07,40186.0,28458.326,002772.SZ
2025-01-23,7.12,7.24,7.06,7.11,61354.0,44122.823,002772.SZ
2025-01-24,7.11,7.19,7.06,7.1,63791.0,45372.059,002772.SZ
2025-01-27,7.15,7.33,7.15,7.21,60953.0,44250.692,002772.SZ
2025-02-05,7.26,7.29,7.09,7.13,66006.0,47413.082,002772.SZ
2025-02-06,7.13,7.16,7.04,7.16,53758.07,38259.469,002772.SZ
2025-02-07,7.16,7.29,7.14,7.25,61874.0,44746.375,002772.SZ
2025-02-10,7.25,7.32,7.23,7.31,55679.82,40459.581,002772.SZ
2025-02-11,7.3,7.33,7.23,7.31,44819.26,32626.524,002772.SZ
2025-02-12,7.3,7.34,7.21,7.3,50754.5,36831.255,002772.SZ
2025-02-13,7.28,7.32,7.22,7.23,47168.0,34304.5,002772.SZ
2025-02-14,7.25,7.26,7.17,7.19,46622.0,33623.758,002772.SZ
2025-02-17,7.19,7.3,7.18,7.28,56754.62,41195.882,002772.SZ
2025-02-18,7.27,7.28,7.07,7.07,65895.83,47278.133,002772.SZ
2025-02-19,7.13,7.15,7.09,7.12,47692.26,33941.541,002772.SZ
2025-02-20,7.1,7.17,7.07,7.13,49396.87,35231.482,002772.SZ
2025-02-21,7.12,7.16,7.05,7.1,51692.5,36674.959,002772.SZ
2025-02-24,7.27,7.55,7.26,7.36,218208.35,161152.445,002772.SZ
2025-02-25,7.28,7.29,7.1,7.14,130364.37,93463.19,002772.SZ
2025-02-26,7.12,7.18,7.12,7.18,69056.52,49370.264,002772.SZ
2025-02-27,7.17,7.29,7.16,7.27,92575.47,66930.865,002772.SZ
2025-02-28,7.24,7.29,7.07,7.08,76357.73,54703.566,002772.SZ
2025-03-03,7.1,7.22,7.1,7.14,55381.73,39635.077,002772.SZ
2025-03-04,7.13,7.21,7.08,7.19,67241.87,47946.114,002772.SZ
2025-03-05,7.22,7.22,7.08,7.14,59843.49,42613.836,002772.SZ
2025-03-06,7.15,7.16,7.1,7.16,47447.61,33874.943,002772.SZ
2025-03-07,7.15,7.18,7.12,7.14,40741.99,29108.159,002772.SZ
2025-03-10,7.16,7.21,7.13,7.19,47937.38,34380.508,002772.SZ
2025-03-11,7.16,7.22,7.12,7.21,49967.0,35863.457,002772.SZ
2025-03-12,7.21,7.23,7.16,7.21,37673.0,27105.381,002772.SZ
2025-03-13,7.22,7.42,7.2,7.41,142104.31,103755.072,002772.SZ
2025-03-14,7.38,7.44,7.34,7.44,106371.95,78769.178,002772.SZ
2025-03-17,7.48,7.64,7.46,7.59,126676.21,95749.12,002772.SZ
2025-03-18,7.59,7.64,7.48,7.54,73971.78,55634.517,002772.SZ
2025-03-19,7.54,7.55,7.41,7.46,101592.52,75885.199,002772.SZ
2025-03-20,7.46,7.53,7.42,7.53,63778.26,47795.579,002772.SZ
2025-03-21,7.55,7.63,7.47,7.59,112288.0,84684.276,002772.SZ
2025-03-24,7.6,7.63,7.3,7.38,116486.82,86670.879,002772.SZ
2025-03-25,7.43,7.43,7.22,7.36,92702.92,67950.753,002772.SZ
2025-03-26,7.36,7.54,7.31,7.52,84576.76,63139.327,002772.SZ
2025-03-27,7.51,7.51,7.38,7.43,48288.0,35933.203,002772.SZ
2025-03-28,7.42,7.43,7.25,7.29,69812.1,51080.463,002772.SZ
2025-03-31,7.28,7.31,7.13,7.18,66336.0,47766.54,002772.SZ
2025-04-01,7.21,7.4,7.19,7.34,66127.01,48523.669,002772.SZ
2025-04-02,7.36,7.39,7.31,7.38,45215.26,33253.371,002772.SZ
2025-04-03,7.37,7.51,7.33,7.48,65404.39,48716.87,002772.SZ
2025-04-07,7.28,7.85,7.07,7.22,288064.53,214628.266,002772.SZ
2025-04-08,7.26,7.94,7.26,7.94,405360.03,312805.945,002772.SZ
2025-04-09,8.0,8.38,7.61,7.94,559712.14,447590.359,002772.SZ
2025-04-10,7.7,8.15,7.7,8.15,486378.13,386926.044,002772.SZ
2025-04-11,8.0,8.0,7.62,7.65,349274.27,270342.546,002772.SZ
2025-04-14,7.65,7.96,7.65,7.85,257699.49,200571.462,002772.SZ
2025-04-15,7.83,7.87,7.7,7.79,182541.27,142202.149,002772.SZ
2025-04-16,7.77,7.79,7.51,7.66,169550.97,129616.534,002772.SZ
2025-04-17,7.66,7.83,7.6,7.8,177976.0,137994.213,002772.SZ
2025-04-18,7.78,7.81,7.61,7.7,129533.96,99570.661,002772.SZ
2025-04-21,7.8,7.94,7.68,7.92,231332.32,181197.848,002772.SZ
2025-04-22,7.96,8.05,7.84,7.94,219725.52,174090.334,002772.SZ
2025-04-23,7.9,7.92,7.73,7.76,163630.1,127673.844,002772.SZ
2025-04-24,7.76,7.88,7.72,7.78,116555.01,90872.316,002772.SZ
2025-04-25,7.8,7.81,7.71,7.77,95058.24,73785.77,002772.SZ
2025-04-28,7.8,7.92,7.66,7.72,132259.0,102797.016,002772.SZ
2025-04-29,7.75,7.91,7.69,7.9,170235.62,133740.424,002772.SZ
2025-04-30,7.86,7.92,7.73,7.73,149095.14,116507.902,002772.SZ
2025-05-06,7.76,7.81,7.72,7.81,116465.28,90400.306,002772.SZ
2025-05-07,7.83,8.01,7.83,8.0,217955.38,172860.252,002772.SZ
2025-05-08,7.9,8.01,7.87,7.96,119871.33,95286.285,002772.SZ
2025-05-09,7.99,8.03,7.89,8.03,142012.53,113278.151,002772.SZ
2025-05-12,8.06,8.07,7.86,7.92,140524.25,111180.57,002772.SZ
2025-05-13,7.91,7.94,7.85,7.89,82231.38,64856.945,002772.SZ
2025-05-14,7.87,7.91,7.82,7.9,81475.78,64132.665,002772.SZ
2025-05-15,7.87,8.69,7.85,8.69,463395.87,388509.025,002772.SZ
2025-05-16,8.88,8.97,8.32,8.42,530616.52,450041.727,002772.SZ
2025-05-19,8.1,8.11,7.88,8.02,289722.48,231605.146,002772.SZ
2025-05-20,8.07,8.35,7.99,8.22,368839.59,302205.571,002772.SZ
2025-05-21,8.1,8.19,7.98,8.04,234199.06,188222.417,002772.SZ
2025-05-22,8.01,8.04,7.81,7.83,177438.71,140234.62,002772.SZ
2025-05-23,7.8,7.89,7.7,7.7,125869.93,98068.014,002772.SZ
2025-05-26,7.7,7.8,7.67,7.75,97004.3,74942.406,002772.SZ
2025-05-27,7.75,7.89,7.72,7.86,122846.0,96096.092,002772.SZ
2025-05-28,7.84,7.88,7.75,7.83,83418.0,65107.918,002772.SZ
2025-05-29,7.8,7.88,7.74,7.86,96074.42,75246.947,002772.SZ
2025-05-30,7.83,7.93,7.77,7.82,109191.0,85611.673,002772.SZ
2025-06-03,7.75,7.86,7.73,7.86,78678.96,61453.612,002772.SZ
2025-06-04,7.88,7.95,7.8,7.94,98283.31,77474.979,002772.SZ
2025-06-05,7.94,7.95,7.82,7.89,83277.7,65637.819,002772.SZ
2025-06-06,7.86,7.93,7.84,7.89,68595.0,54071.891,002772.SZ
2025-06-09,7.95,8.27,7.95,8.05,183429.47,148368.384,002772.SZ
2025-06-10,8.16,8.34,8.04,8.18,229589.21,187180.452,002772.SZ
2025-06-11,8.18,8.2,8.08,8.12,121004.53,98488.121,002772.SZ
2025-06-12,8.18,8.22,8.11,8.19,114540.0,93552.967,002772.SZ
2025-06-13,8.13,8.29,8.03,8.05,118308.26,96169.464,002772.SZ
2025-06-16,8.0,8.05,7.96,8.02,86996.52,69549.745,002772.SZ
2025-06-17,8.04,8.14,8.01,8.06,86568.52,69840.209,002772.SZ
2025-06-18,8.06,8.09,7.94,7.97,75885.62,60602.138,002772.SZ
2025-06-19,7.93,7.98,7.66,7.68,141375.96,109685.352,002772.SZ
2025-06-20,7.68,7.73,7.57,7.59,66198.0,50519.225,002772.SZ
2025-06-23,7.55,7.71,7.47,7.69,63215.26,48150.443,002772.SZ
2025-06-24,7.68,7.88,7.66,7.84,73287.26,57295.237,002772.SZ
2025-06-25,7.87,7.99,7.82,7.87,78787.05,62083.572,002772.SZ
2025-06-26,7.88,7.88,7.78,7.79,54917.71,42938.97,002772.SZ
2025-06-27,7.8,7.85,7.75,7.79,52055.52,40561.694,002772.SZ
2025-06-30,7.79,7.85,7.75,7.81,64644.71,50375.233,002772.SZ
2025-07-01,7.8,7.91,7.8,7.91,81884.88,64435.79,002772.SZ
2025-07-02,7.91,7.96,7.88,7.95,61277.26,48566.05,002772.SZ
2025-07-03,7.93,7.99,7.91,7.95,63333.05,50326.636,002772.SZ
2025-07-04,7.95,7.99,7.92,7.94,66515.4,52878.892,002772.SZ
2025-07-07,7.94,8.08,7.86,8.07,79631.21,63733.554,002772.SZ
2025-07-08,8.05,8.06,7.97,8.05,71190.21,57071.091,002772.SZ
2025-07-09,8.05,8.08,7.99,8.03,62360.1,50101.724,002772.SZ
2025-07-10,8.02,8.05,7.95,8.04,60602.76,48500.003,002772.SZ
2025-07-11,8.06,8.07,8.0,8.06,72218.2,58106.362,002772.SZ
2025-07-14,8.07,8.17,8.05,8.12,69108.58,56109.554,002772.SZ
2025-07-15,8.44,8.5,8.13,8.19,171531.83,141382.702,002772.SZ
2025-07-16,8.15,8.32,8.15,8.3,122902.47,101418.053,002772.SZ
2025-07-17,8.25,8.38,8.24,8.26,75878.73,62926.152,002772.SZ
2025-07-18,8.27,8.31,8.22,8.25,59872.21,49362.203,002772.SZ
2025-07-21,8.25,8.34,8.23,8.31,66990.26,55603.299,002772.SZ
2025-07-22,8.29,8.32,8.19,8.27,82168.0,67795.657,002772.SZ
2025-07-23,8.29,8.35,8.21,8.22,70998.77,58678.833,002772.SZ
2025-07-24,8.21,8.27,8.21,8.25,62924.78,51901.599,002772.SZ
2025-07-25,8.28,8.32,8.22,8.25,63219.0,52253.694,002772.SZ
2025-07-28,8.3,8.34,8.26,8.29,58256.68,48296.232,002772.SZ
2025-07-29,8.28,8.28,8.12,8.2,73670.26,60235.572,002772.SZ
2025-07-30,8.2,8.25,8.15,8.22,65434.41,53703.75,002772.SZ
2025-07-31,8.3,8.32,8.13,8.15,74781.0,61302.148,002772.SZ
2025-08-01,8.13,8.28,8.13,8.2,71262.1,58496.326,002772.SZ
2025-08-04,8.16,8.26,8.13,8.2,44797.0,36761.15,002772.SZ
2025-08-05,8.22,8.33,8.22,8.31,76488.26,63485.616,002772.SZ
2025-08-06,8.33,8.34,8.25,8.29,52037.0,43088.674,002772.SZ
2025-08-07,8.29,8.36,8.29,8.32,66299.14,55199.728,002772.SZ
2025-08-08,8.33,8.4,8.27,8.39,70273.0,58673.527,002772.SZ
2025-08-11,8.41,8.52,8.38,8.43,90584.31,76391.441,002772.SZ
2025-08-12,8.43,8.49,8.36,8.39,69564.28,58489.402,002772.SZ
2025-08-13,8.43,8.47,8.33,8.41,68930.0,57731.202,002772.SZ
2025-08-14,8.43,8.44,8.23,8.23,79522.15,66154.128,002772.SZ
2025-08-15,8.23,8.33,8.23,8.27,92541.72,76499.188,002772.SZ
2025-08-18,8.43,8.47,8.22,8.24,154530.15,128713.375,002772.SZ
2025-08-19,8.28,8.28,8.19,8.2,89792.45,73808.599,002772.SZ
2025-08-20,8.19,8.26,8.18,8.25,68113.11,56000.91,002772.SZ
2025-08-21,8.27,8.34,8.25,8.28,81279.29,67383.943,002772.SZ
2025-08-22,8.28,8.3,8.14,8.23,102895.71,84288.144,002772.SZ
2025-08-25,8.22,8.27,8.19,8.25,81842.74,67414.565,002772.SZ
2025-08-26,8.25,8.35,8.21,8.32,85886.65,71319.908,002772.SZ
2025-08-27,8.32,8.34,8.11,8.12,104049.2,85467.177,002772.SZ
2025-08-28,8.1,8.17,7.82,8.03,100200.78,80175.762,002772.SZ
2025-08-29,8.02,8.09,7.98,7.99,57572.61,46263.282,002772.SZ
2025-09-01,8.0,8.06,7.83,8.06,66585.7,53344.563,002772.SZ
2025-09-02,8.02,8.05,7.91,8.02,56761.0,45329.432,002772.SZ
2025-09-03,8.04,8.04,7.81,7.83,59320.69,46878.687,002772.SZ
2025-09-04,7.85,8.0,7.8,7.98,72533.39,57494.185,002772.SZ
2025-09-05,8.0,8.0,7.82,7.93,54751.05,43256.731,002772.SZ
2025-09-08,7.93,8.06,7.91,8.04,60114.87,48208.185,002772.SZ
2025-09-09,8.07,8.07,7.95,7.99,47087.0,37672.544,002772.SZ
2025-09-10,8.0,8.38,7.98,8.34,220767.27,181347.564,002772.SZ
2025-09-11,8.5,9.17,8.43,9.17,328324.11,294173.851,002772.SZ
2025-09-12,9.33,10.09,9.3,10.09,712539.88,703860.336,002772.SZ
2025-09-15,10.01,10.68,9.65,9.95,785850.77,790895.95,002772.SZ
2025-09-16,9.95,10.51,9.73,10.29,546708.08,558634.771,002772.SZ
2025-09-17,10.19,10.65,10.02,10.54,437749.62,452723.003,002772.SZ
2025-09-18,10.55,10.86,9.91,10.04,393054.83,405284.112,002772.SZ
2025-09-19,10.19,10.54,10.01,10.06,282829.66,289507.809,002772.SZ
2025-09-22,10.03,10.1,9.54,9.75,220594.66,216337.55,002772.SZ
2025-09-23,9.74,10.09,9.49,9.61,191990.68,186177.219,002772.SZ
2025-09-24,9.57,9.64,9.33,9.4,174649.0,164904.114,002772.SZ
2025-09-25,9.43,9.45,8.96,9.22,256536.75,234880.84,002772.SZ
2025-09-26,9.67,10.14,9.42,10.14,446760.72,436803.008,002772.SZ
2025-09-29,10.14,10.73,10.03,10.44,481915.13,503628.174,002772.SZ
2025-09-30,10.41,10.61,10.16,10.37,288317.56,299957.408,002772.SZ
2025-10-09,10.37,10.39,10.01,10.34,198182.55,202949.029,002772.SZ
2025-10-10,10.36,10.64,10.16,10.48,170753.15,177490.546,002772.SZ
2025-10-13,10.28,10.8,10.04,10.26,256879.01,263016.874,002772.SZ
2025-10-14,10.3,11.03,10.16,10.47,325789.07,347440.804,002772.SZ
2025-10-15,10.41,10.83,10.24,10.31,290787.87,303889.081,002772.SZ
2025-10-16,10.51,10.56,10.05,10.06,214239.05,218579.493,002772.SZ
2025-10-17,10.06,10.15,9.72,10.0,189704.98,188767.579,002772.SZ
2025-10-20,10.06,10.85,10.06,10.15,197261.26,203096.025,002772.SZ
2025-10-21,10.25,11.17,10.25,11.17,109232.43,119332.379,002772.SZ
2025-10-22,11.5,11.7,10.96,11.0,403308.49,449555.534,002772.SZ
2025-10-23,10.94,10.98,10.65,10.84,235722.0,254594.703,002772.SZ
2025-10-24,10.88,11.25,10.71,10.92,217601.0,238714.539,002772.SZ
2025-10-27,11.1,12.01,10.88,12.01,263103.28,306476.526,002772.SZ
2025-10-28,12.2,13.15,12.15,12.8,618678.73,782132.241,002772.SZ
2025-10-29,12.67,13.12,12.56,12.83,376755.21,482811.428,002772.SZ
2025-10-30,12.84,12.99,12.6,12.6,196403.31,249982.693,002772.SZ
2025-10-31,12.61,13.42,12.58,13.06,270937.51,352395.014,002772.SZ
2025-11-03,13.11,14.37,13.1,14.37,174133.58,240309.47,002772.SZ
2025-11-04,14.59,14.8,13.52,14.17,395430.31,555412.696,002772.SZ
2025-11-05,14.01,15.06,13.8,14.6,314589.15,457710.458,002772.SZ
2025-11-06,14.32,14.53,13.87,14.24,225202.14,319241.849,002772.SZ
2025-11-07,14.21,14.36,13.4,13.5,262767.51,360308.868,002772.SZ
2025-11-10,13.47,13.51,13.03,13.35,183540.43,242952.901,002772.SZ
2025-11-11,13.46,13.71,13.12,13.39,165074.14,220611.046,002772.SZ
2025-11-12,13.7,13.74,13.18,13.4,112615.31,150107.404,002772.SZ
2025-11-13,13.45,13.59,13.12,13.45,117014.26,156670.869,002772.SZ
2025-11-14,13.48,13.68,13.32,13.37,109930.57,148270.769,002772.SZ
2025-11-17,13.18,13.32,12.89,12.97,145547.26,190359.937,002772.SZ
2025-11-18,12.9,12.96,12.4,12.7,124610.53,158144.332,002772.SZ
2025-11-19,12.67,12.75,12.5,12.6,70749.22,89135.096,002772.SZ
2025-11-20,12.62,12.72,12.51,12.59,65854.7,82870.629,002772.SZ
2025-11-21,12.58,12.67,11.92,11.97,159420.45,194318.756,002772.SZ
2025-11-24,11.99,12.32,11.89,12.08,140845.31,170214.055,002772.SZ
2025-11-25,12.17,12.32,12.05,12.08,92237.77,112183.415,002772.SZ
2025-11-26,12.01,12.23,12.01,12.06,67145.62,81195.736,002772.SZ
2025-11-27,11.93,12.39,11.93,12.22,91138.4,111278.378,002772.SZ
2025-11-28,12.26,12.67,12.16,12.61,121586.84,151752.465,002772.SZ
2025-12-01,12.69,13.6,12.61,13.13,261130.52,346654.022,002772.SZ
2025-12-02,13.17,13.28,12.63,13.21,155608.73,201660.11,002772.SZ
2025-12-03,13.36,13.8,13.03,13.08,174167.3,233463.622,002772.SZ
2025-12-04,13.02,13.15,12.81,12.99,95868.0,124633.809,002772.SZ
2025-12-05,12.97,13.13,12.65,12.7,99040.0,126607.231,002772.SZ
2025-12-08,12.7,12.8,12.51,12.73,75052.79,94857.043,002772.SZ
2025-12-09,12.67,13.19,12.57,12.92,105691.65,136474.251,002772.SZ
2025-12-10,12.82,13.07,12.82,12.93,60154.87,77900.475,002772.SZ
2025-12-11,12.94,13.11,12.38,12.43,96607.0,122410.246,002772.SZ
2025-12-12,12.42,12.52,12.3,12.38,74254.0,92133.351,002772.SZ
2025-12-15,12.33,12.56,12.3,12.47,64669.0,80357.536,002772.SZ
2025-12-16,12.4,12.47,11.98,12.14,85064.72,103530.407,002772.SZ
2025-12-17,12.24,13.09,12.11,12.99,197018.19,250534.139,002772.SZ
2025-12-18,12.86,14.29,12.86,14.29,184253.46,254708.973,002772.SZ
2025-12-19,14.04,14.7,13.83,14.66,345998.45,493724.734,002772.SZ
2025-12-22,14.59,15.21,14.45,14.69,211745.59,314167.173,002772.SZ
2025-12-23,14.78,14.96,14.07,14.4,176827.69,254429.756,002772.SZ
2025-12-24,14.39,14.99,14.02,14.8,172279.91,250952.278,002772.SZ
2025-12-25,14.78,15.26,14.65,15.0,200832.51,300455.523,002772.SZ
2025-12-26,14.96,15.2,14.78,14.95,123039.26,184248.604,002772.SZ
2025-12-29,14.88,15.21,14.54,14.83,148085.33,220768.522,002772.SZ
2025-12-30,14.84,14.88,14.22,14.53,125623.2,183260.397,002772.SZ
2025-12-31,14.7,14.8,14.23,14.59,97899.93,141698.088,002772.SZ
2026-01-05,14.74,15.1,14.23,14.33,112277.46,161730.72,002772.SZ
2026-01-06,14.3,14.94,14.25,14.66,101937.9,148998.705,002772.SZ
2026-01-07,14.62,15.29,14.55,15.01,126365.67,189381.277,002772.SZ
2026-01-08,15.0,16.34,14.75,16.1,222548.62,348687.47,002772.SZ
2026-01-09,16.1,16.78,15.85,16.48,173099.68,281284.696,002772.SZ
2026-01-12,16.08,16.32,14.83,14.83,337660.51,511677.171,002772.SZ
2026-01-13,14.88,15.98,14.68,15.62,279471.5,429483.577,002772.SZ
2026-01-14,15.51,15.82,14.98,15.24,163880.59,252043.492,002772.SZ
2026-01-15,15.24,15.51,14.91,15.01,85597.75,129731.941,002772.SZ
2026-01-16,15.21,15.45,14.73,14.83,105513.95,158043.031,002772.SZ
2026-01-19,14.85,15.2,14.73,15.2,97246.26,146064.556,002772.SZ
2026-01-20,15.15,15.45,14.89,15.44,99358.26,150952.863,002772.SZ
2026-01-21,15.42,15.58,14.94,15.17,93995.3,142240.444,002772.SZ
2026-01-22,15.2,16.2,15.08,15.97,167036.98,261997.51,002772.SZ
2026-01-23,15.96,15.96,15.3,15.65,149824.11,233687.499,002772.SZ
2026-01-26,15.61,15.93,15.48,15.73,103397.05,162318.909,002772.SZ
2026-01-27,15.5,17.1,14.3,16.17,337638.34,543469.023,002772.SZ
2026-01-28,16.16,16.81,15.27,16.59,277177.47,449289.159,002772.SZ
2026-01-29,16.49,16.66,15.69,15.74,165541.0,264601.911,002772.SZ
2026-01-30,15.96,16.77,15.78,16.41,238713.64,391127.94,002772.SZ
2026-02-02,16.21,17.59,15.8,17.1,328990.28,556752.363,002772.SZ
2026-02-03,16.96,17.12,16.48,16.98,212836.2,357126.745,002772.SZ
2026-02-04,16.98,17.59,16.82,16.98,163447.36,279900.477,002772.SZ
2026-02-05,16.85,17.29,16.4,16.72,119197.95,199880.518,002772.SZ
2026-02-06,16.61,18.39,16.52,18.39,235935.46,421445.863,002772.SZ
2026-02-09,18.2,18.53,17.76,18.0,272713.26,490026.815,002772.SZ
2026-02-10,18.04,18.3,17.32,17.6,202058.95,356131.033,002772.SZ
2026-02-11,17.8,18.08,17.08,17.28,165418.8,289193.589,002772.SZ
2026-02-12,17.28,17.36,16.58,16.71,167161.79,279910.103,002772.SZ
2026-02-13,16.71,16.98,16.36,16.36,105909.38,175314.076,002772.SZ
2026-02-24,16.46,17.93,16.45,17.56,195128.36,337093.512,002772.SZ
2026-02-25,17.51,18.38,17.45,17.87,138052.12,248364.588,002772.SZ
2026-02-26,17.7,18.04,17.26,17.78,136141.95,239489.815,002772.SZ
2026-02-27,17.64,18.59,17.44,18.37,131828.93,239089.7,002772.SZ
2026-03-02,17.88,18.68,17.88,18.11,123445.68,225083.99,002772.SZ
2026-03-03,18.28,18.9,18.05,18.14,184027.48,340413.384,002772.SZ
2026-03-04,17.89,18.47,17.8,18.12,120238.9,218498.267,002772.SZ
2026-03-05,18.4,18.54,17.68,17.92,112739.53,203247.422,002772.SZ
2026-03-06,17.92,18.58,17.77,18.23,116720.75,213576.948,002772.SZ
2026-03-09,18.23,18.23,16.67,17.62,197770.0,343573.657,002772.SZ
2026-03-10,17.66,18.26,17.5,18.04,123257.76,221921.494,002772.SZ
2026-03-11,18.03,18.55,17.98,18.53,109416.39,199637.766,002772.SZ
2026-03-12,18.48,19.73,18.21,19.57,162501.53,311320.823,002772.SZ
2026-03-13,19.56,19.66,18.36,18.42,146852.11,277175.632,002772.SZ
2026-03-16,18.42,18.72,18.05,18.32,127805.77,235153.035,002772.SZ
