date,open,close,high,low,volume,amount,symbol
2021-01-04,9.99,10.26,10.57,9.9,331539,378947120.0,002772.SZ
2021-01-05,9.88,9.81,10.05,9.55,293087,323020768.0,002772.SZ
2021-01-06,9.72,9.49,9.97,9.4,204134,221713206.0,002772.SZ
2021-01-07,9.44,9.54,9.81,9.37,172597,187071533.0,002772.SZ
2021-01-08,9.25,8.99,9.27,8.87,164227,168278098.0,002772.SZ
2021-01-11,8.99,8.49,9.0,8.42,128364,126589831.0,002772.SZ
2021-01-12,8.46,8.6,8.91,8.45,112683,110845271.0,002772.SZ
2021-01-13,8.56,8.17,8.6,8.01,120962,114452530.0,002772.SZ
2021-01-14,8.03,7.8,8.15,7.77,99695,90771426.0,002772.SZ
2021-01-15,7.8,7.9,7.96,7.79,70497,64168324.0,002772.SZ
2021-01-18,7.91,8.14,8.15,7.88,77830,72247617.0,002772.SZ
2021-01-19,8.07,7.97,8.07,7.9,67255,62065072.0,002772.SZ
2021-01-20,7.95,8.0,8.04,7.86,47262,43392305.0,002772.SZ
2021-01-21,7.99,8.05,8.1,7.92,60294,55833559.0,002772.SZ
2021-01-22,8.05,7.8,8.07,7.78,80039,72635670.0,002772.SZ
2021-01-25,7.72,7.7,7.72,7.37,104653,91765216.0,002772.SZ
2021-01-26,7.64,7.77,7.88,7.52,70813,63309155.0,002772.SZ
2021-01-27,7.8,7.63,7.8,7.57,49180,43670921.0,002772.SZ
2021-01-28,7.57,7.57,7.81,7.47,60361,53710332.0,002772.SZ
2021-01-29,7.55,7.23,7.59,7.15,71218,61141718.0,002772.SZ
2021-02-01,7.18,7.2,7.25,7.04,42482,35572269.0,002772.SZ
2021-02-02,7.21,7.17,7.23,7.09,28428,23824521.0,002772.SZ
2021-02-03,7.27,7.23,7.35,7.2,44895,38214142.0,002772.SZ
2021-02-04,7.22,6.9,7.22,6.84,50459,41328275.0,002772.SZ
2021-02-05,6.88,6.64,7.03,6.62,47899,38544204.0,002772.SZ
2021-02-08,6.7,6.6,6.74,6.52,26869,21121782.0,002772.SZ
2021-02-09,6.65,6.86,6.91,6.58,38560,30838016.0,002772.SZ
2021-02-10,6.86,6.89,6.98,6.83,25487,20672096.0,002772.SZ
2021-02-18,6.99,7.09,7.14,6.99,37361,31007518.0,002772.SZ
2021-02-19,7.11,7.57,7.58,7.07,69516,59978706.0,002772.SZ
2021-02-22,7.67,7.67,7.89,7.58,89070,79843973.0,002772.SZ
2021-02-23,7.62,7.42,7.62,7.38,50386,43865161.0,002772.SZ
2021-02-24,7.45,7.47,7.56,7.32,35359,30787512.0,002772.SZ
2021-02-25,7.48,7.42,7.52,7.32,31082,26787492.0,002772.SZ
2021-02-26,7.36,7.62,7.65,7.28,52273,45814258.0,002772.SZ
2021-03-01,7.63,7.7,7.72,7.52,47989,42588106.0,002772.SZ
2021-03-02,7.76,7.52,7.77,7.51,31965,28148080.0,002772.SZ
2021-03-03,7.5,7.61,7.76,7.48,33105,29312996.0,002772.SZ
2021-03-04,7.61,7.49,7.61,7.43,33592,29368714.0,002772.SZ
2021-03-05,7.47,7.57,7.59,7.4,27662,24229063.0,002772.SZ
2021-03-08,7.62,7.45,7.66,7.43,29200,25606728.0,002772.SZ
2021-03-09,7.47,7.33,7.53,7.19,37876,32505523.0,002772.SZ
2021-03-10,7.37,7.06,7.39,7.01,34721,29173514.0,002772.SZ
2021-03-11,7.08,7.25,7.26,7.03,23007,19346971.0,002772.SZ
2021-03-12,7.24,7.33,7.34,7.11,23789,20121253.0,002772.SZ
2021-03-15,7.32,7.36,7.37,7.22,22254,19025792.0,002772.SZ
2021-03-16,7.39,7.46,7.47,7.33,24885,21457416.0,002772.SZ
2021-03-17,7.49,7.91,7.95,7.48,110191,99417556.0,002772.SZ
2021-03-18,7.77,7.78,7.82,7.63,64645,57802735.0,002772.SZ
2021-03-19,7.67,7.82,7.89,7.66,50324,45367341.0,002772.SZ
2021-03-22,7.82,7.87,7.89,7.74,45968,41645761.0,002772.SZ
2021-03-23,7.87,7.89,7.92,7.72,48172,43575773.0,002772.SZ
2021-03-24,7.88,8.08,8.19,7.87,72762,67578947.0,002772.SZ
2021-03-25,8.12,8.19,8.66,8.07,110796,105937709.0,002772.SZ
2021-03-26,7.99,7.9,7.99,7.68,103048,93441683.0,002772.SZ
2021-03-29,7.82,7.8,7.95,7.76,50437,45796694.0,002772.SZ
2021-03-30,7.78,7.7,7.84,7.68,42419,38035740.0,002772.SZ
2021-03-31,7.71,7.75,7.79,7.59,33981,30366737.0,002772.SZ
2021-04-01,7.74,7.64,7.8,7.62,34433,30708199.0,002772.SZ
2021-04-02,7.59,7.51,7.62,7.4,38789,33847678.0,002772.SZ
2021-04-06,7.52,7.54,7.58,7.51,23295,20443621.0,002772.SZ
2021-04-07,7.55,7.81,7.83,7.54,53275,47720535.0,002772.SZ
2021-04-08,7.77,7.74,7.81,7.68,28389,25501441.0,002772.SZ
2021-04-09,7.8,7.84,7.85,7.75,28633,25879302.0,002772.SZ
2021-04-12,7.87,7.69,8.01,7.68,36797,33270583.0,002772.SZ
2021-04-13,7.6,8.2,8.57,7.59,133205,124112552.0,002772.SZ
2021-04-14,8.18,8.02,8.19,7.91,99496,91774992.0,002772.SZ
2021-04-15,7.96,7.85,8.08,7.83,51240,46829351.0,002772.SZ
2021-04-16,7.84,7.9,7.92,7.75,44633,40541544.0,002772.SZ
2021-04-19,7.9,7.95,7.96,7.83,47541,43465458.0,002772.SZ
2021-04-20,7.94,7.83,8.02,7.83,50615,46312488.0,002772.SZ
2021-04-21,7.55,7.02,7.55,6.99,142690,119853087.0,002772.SZ
2021-04-22,7.06,6.96,7.12,6.95,54954,45359018.0,002772.SZ
2021-04-23,6.93,6.84,6.97,6.72,63032,50755712.0,002772.SZ
2021-04-26,6.81,6.72,6.85,6.7,34663,27704160.0,002772.SZ
2021-04-27,6.74,6.61,6.77,6.56,33237,26187704.0,002772.SZ
2021-04-28,6.6,6.68,6.71,6.57,24290,19159537.0,002772.SZ
2021-04-29,6.63,6.66,6.7,6.63,18812,14861054.0,002772.SZ
2021-04-30,6.69,6.57,6.69,6.53,26349,20626561.0,002772.SZ
2021-05-06,6.6,6.68,6.7,6.57,24017,18932081.0,002772.SZ
2021-05-07,6.69,6.67,6.7,6.63,22013,17365688.0,002772.SZ
2021-05-10,6.67,6.68,6.69,6.6,19949,15714783.0,002772.SZ
2021-05-11,6.67,6.85,6.87,6.63,35905,28828152.0,002772.SZ
2021-05-12,6.84,6.92,6.95,6.75,33782,27363894.0,002772.SZ
2021-05-13,6.86,6.82,6.86,6.79,21687,17460968.0,002772.SZ
2021-05-14,6.81,6.87,6.89,6.8,23787,19250906.0,002772.SZ
2021-05-17,6.87,6.77,6.88,6.76,22644,18136550.0,002772.SZ
2021-05-18,6.78,6.67,6.78,6.65,24725,19592550.0,002772.SZ
2021-05-19,6.67,6.67,6.71,6.63,16146,12737030.0,002772.SZ
2021-05-20,6.73,6.62,6.73,6.62,18463,14359332.0,002772.SZ
2021-05-21,6.65,6.72,6.81,6.62,21547,16950722.0,002772.SZ
2021-05-24,6.76,6.77,6.81,6.7,18278,14379287.0,002772.SZ
2021-05-25,6.77,6.78,6.8,6.72,21762,17185159.0,002772.SZ
2021-05-26,6.81,6.8,6.82,6.75,20358,16132952.0,002772.SZ
2021-05-27,6.8,6.84,6.85,6.77,21459,17048053.0,002772.SZ
2021-05-28,6.82,6.77,6.84,6.76,19802,15674186.0,002772.SZ
2021-05-31,6.77,6.74,6.77,6.7,17585,13823186.0,002772.SZ
2021-06-01,6.76,6.82,6.83,6.74,24619,19529468.0,002772.SZ
2021-06-02,6.82,6.77,6.85,6.75,24067,19065405.0,002772.SZ
2021-06-03,6.82,6.76,6.83,6.76,19767,15663225.0,002772.SZ
2021-06-04,6.79,6.82,6.91,6.75,25113,19978982.0,002772.SZ
2021-06-07,6.82,6.73,6.84,6.72,21610,17042668.0,002772.SZ
2021-06-08,6.74,6.76,6.8,6.7,15555,12246110.0,002772.SZ
2021-06-09,6.77,6.76,6.78,6.74,12114,9555277.0,002772.SZ
2021-06-10,6.78,6.7,6.78,6.69,25739,20206312.0,002772.SZ
2021-06-11,6.7,6.68,6.73,6.65,17238,13481678.0,002772.SZ
2021-06-15,6.67,7.01,7.04,6.65,97593,78296961.0,002772.SZ
2021-06-16,7.04,7.36,7.75,7.04,165263,140499586.0,002772.SZ
2021-06-17,7.16,7.37,7.52,7.13,82714,70105799.0,002772.SZ
2021-06-18,7.28,7.63,7.75,7.12,104618,89364377.0,002772.SZ
2021-06-21,8.51,8.51,8.51,8.51,32142,30985235.0,002772.SZ
2021-06-22,9.47,9.47,9.47,9.47,17006,18025999.0,002772.SZ
2021-06-23,10.53,10.53,10.53,10.53,30601,35681115.0,002772.SZ
2021-06-24,11.7,11.7,11.7,11.7,58099,74540555.0,002772.SZ
2021-06-25,12.98,12.98,12.98,12.98,393430,555129200.0,002772.SZ
2021-06-28,14.15,14.39,14.39,13.84,762218,1172117344.0,002772.SZ
2021-06-29,14.09,15.29,15.94,13.89,802681,1299030256.0,002772.SZ
2021-06-30,15.93,14.77,16.11,13.87,886849,1427751744.0,002772.SZ
2021-07-01,14.29,14.95,15.94,14.17,751681,1226181504.0,002772.SZ
2021-07-02,14.95,14.92,15.71,14.07,663711,1070327952.0,002772.SZ
2021-07-05,14.54,13.57,14.64,13.32,538830,805896800.0,002772.SZ
2021-07-06,13.69,14.12,14.32,12.96,554210,823493536.0,002772.SZ
2021-07-07,13.83,13.82,14.72,13.39,477372,718092064.0,002772.SZ
2021-07-08,13.46,12.95,13.71,12.88,384636,553723168.0,002772.SZ
2021-07-09,12.69,12.31,12.81,12.03,374775,505098720.0,002772.SZ
2021-07-12,12.3,12.67,12.92,11.99,364633,499301088.0,002772.SZ
2021-07-13,12.23,12.99,13.45,12.13,441984,616339456.0,002772.SZ
2021-07-14,12.55,13.51,13.96,12.22,556519,803153952.0,002772.SZ
2021-07-15,13.13,12.77,13.61,12.18,435769,613258464.0,002772.SZ
2021-07-16,12.46,12.91,13.37,12.17,412037,569171472.0,002772.SZ
2021-07-19,12.79,13.58,13.65,12.45,406394,575732304.0,002772.SZ
2021-07-20,13.19,14.21,15.05,13.19,642692,999336112.0,002772.SZ
2021-07-21,14.21,14.77,14.96,13.79,520892,801940624.0,002772.SZ
2021-07-22,14.48,13.58,14.81,13.48,413722,631938672.0,002772.SZ
2021-07-23,13.47,12.78,13.6,12.77,303728,433831568.0,002772.SZ
2021-07-26,12.42,11.71,12.57,11.39,335320,437492368.0,002772.SZ
2021-07-27,11.67,11.45,12.1,11.27,240267,308598048.0,002772.SZ
2021-07-28,11.47,11.66,11.85,11.02,215072,268951040.0,002772.SZ
2021-07-29,11.57,11.14,11.77,11.08,225702,282083088.0,002772.SZ
2021-07-30,11.0,9.91,11.0,9.91,378277,430209360.0,002772.SZ
2021-08-02,9.54,10.67,10.87,9.54,367858,421803776.0,002772.SZ
2021-08-03,10.62,10.34,10.79,10.27,246587,286307840.0,002772.SZ
2021-08-04,10.38,10.3,10.5,10.15,177517,202819273.0,002772.SZ
2021-08-05,10.2,9.89,10.46,9.84,213887,239276933.0,002772.SZ
2021-08-06,9.84,9.73,10.12,9.65,217926,238072033.0,002772.SZ
2021-08-09,9.65,10.04,10.21,9.62,215021,239562144.0,002772.SZ
2021-08-10,10.11,10.42,10.65,9.86,325813,371988400.0,002772.SZ
2021-08-11,10.27,10.12,10.35,9.98,235512,264675947.0,002772.SZ
2021-08-12,10.27,10.26,10.72,10.07,246103,282192176.0,002772.SZ
2021-08-13,10.49,11.4,11.4,10.29,365077,432393200.0,002772.SZ
2021-08-16,11.76,12.65,12.65,11.66,248654,333926640.0,002772.SZ
2021-08-17,13.03,11.87,13.57,11.82,456976,621691440.0,002772.SZ
2021-08-18,11.91,12.27,12.61,11.87,278978,373298912.0,002772.SZ
2021-08-19,12.0,11.62,12.12,11.52,252117,323932240.0,002772.SZ
2021-08-20,11.38,11.5,11.75,11.18,201548,253972060.0,002772.SZ
2021-08-23,11.17,11.28,11.67,11.08,153902,191579636.0,002772.SZ
2021-08-24,11.18,11.71,12.35,11.09,250408,320574832.0,002772.SZ
2021-08-25,11.57,11.42,11.98,11.34,197927,252691785.0,002772.SZ
2021-08-26,11.21,10.92,11.34,10.91,167979,205795729.0,002772.SZ
2021-08-27,10.5,10.74,10.89,10.41,204487,240150234.0,002772.SZ
2021-08-30,10.49,10.35,10.78,10.35,145236,168700912.0,002772.SZ
2021-08-31,10.29,10.21,10.34,9.96,109324,123252318.0,002772.SZ
2021-09-01,10.13,10.7,10.96,10.06,197346,231293374.0,002772.SZ
2021-09-02,10.65,10.37,10.65,10.28,126644,146144834.0,002772.SZ
2021-09-03,10.22,10.82,10.96,10.12,185573,219363529.0,002772.SZ
2021-09-06,10.76,11.05,11.37,10.55,198591,241682252.0,002772.SZ
2021-09-07,10.89,11.07,11.19,10.8,143514,174180059.0,002772.SZ
2021-09-08,11.06,11.28,11.55,10.86,211614,260654267.0,002772.SZ
2021-09-09,11.14,11.03,11.5,10.98,144384,177754013.0,002772.SZ
2021-09-10,10.92,11.28,11.44,10.82,147112,181319938.0,002772.SZ
2021-09-13,11.18,10.77,11.24,10.72,139210,167741479.0,002772.SZ
2021-09-14,10.7,10.8,11.05,10.65,99295,119011546.0,002772.SZ
2021-09-15,10.64,10.48,10.67,10.38,105202,122375818.0,002772.SZ
2021-09-16,10.49,10.73,11.11,10.48,151064,180447417.0,002772.SZ
2021-09-17,10.73,10.52,10.83,10.18,126148,146274047.0,002772.SZ
2021-09-22,10.43,10.04,10.43,10.0,101729,114090581.0,002772.SZ
2021-09-23,10.05,10.09,10.3,10.05,77203,87180964.0,002772.SZ
2021-09-24,10.1,10.23,10.37,9.95,88822,100385473.0,002772.SZ
2021-09-27,10.13,10.89,11.32,10.13,197634,235986392.0,002772.SZ
2021-09-28,10.67,10.12,10.68,9.95,131365,148203258.0,002772.SZ
2021-09-29,10.07,9.8,10.3,9.8,96091,106797193.0,002772.SZ
2021-09-30,9.18,8.99,9.38,8.71,194252,194327969.0,002772.SZ
2021-10-08,8.85,9.65,9.7,8.78,178712,188239174.0,002772.SZ
2021-10-11,9.54,9.48,10.04,9.39,123380,133266286.0,002772.SZ
2021-10-12,9.62,9.11,9.62,8.99,97462,100713693.0,002772.SZ
2021-10-13,9.3,9.24,9.33,8.84,91195,93167767.0,002772.SZ
2021-10-14,9.17,9.18,9.37,9.05,68121,70059748.0,002772.SZ
2021-10-15,9.16,9.04,9.52,9.03,94086,97295439.0,002772.SZ
2021-10-18,8.02,8.02,8.02,8.02,18463,16893645.0,002772.SZ
2021-10-19,7.11,7.11,7.11,7.11,31728,26143872.0,002772.SZ
2021-10-20,6.9,7.22,7.6,6.9,534883,442737872.0,002772.SZ
2021-10-21,6.83,6.82,7.03,6.69,371946,297776384.0,002772.SZ
2021-10-22,6.81,6.59,6.87,6.54,256660,199881926.0,002772.SZ
2021-10-25,6.64,6.69,6.79,6.6,198372,155200263.0,002772.SZ
2021-10-26,6.63,6.74,6.84,6.53,192573,151007736.0,002772.SZ
2021-10-27,6.73,6.66,6.73,6.37,189453,145066664.0,002772.SZ
2021-10-28,6.54,6.31,6.61,6.28,147493,110900475.0,002772.SZ
2021-10-29,6.31,6.49,6.53,6.31,157315,119265098.0,002772.SZ
2021-11-01,6.52,6.69,6.78,6.44,173177,134713495.0,002772.SZ
2021-11-02,6.67,6.63,6.87,6.57,254236,199594271.0,002772.SZ
2021-11-03,6.58,6.8,6.81,6.54,208512,163042231.0,002772.SZ
2021-11-04,6.73,7.0,7.06,6.72,231743,187300423.0,002772.SZ
2021-11-05,7.0,6.75,7.12,6.72,177620,142117821.0,002772.SZ
2021-11-08,6.67,6.63,6.77,6.58,107536,83552654.0,002772.SZ
2021-11-09,6.64,6.71,6.8,6.57,132482,103339900.0,002772.SZ
2021-11-10,6.67,6.74,6.83,6.54,130566,101705929.0,002772.SZ
2021-11-11,6.73,6.79,6.92,6.7,135621,107725384.0,002772.SZ
2021-11-12,6.8,6.9,7.01,6.74,154917,124151024.0,002772.SZ
2021-11-15,6.9,7.07,7.1,6.72,187841,151785437.0,002772.SZ
2021-11-16,7.06,6.87,7.11,6.77,159277,128537705.0,002772.SZ
2021-11-17,6.83,6.9,6.91,6.74,92426,73489873.0,002772.SZ
2021-11-18,6.92,6.67,6.93,6.65,144952,114235280.0,002772.SZ
2021-11-19,6.67,6.88,7.1,6.57,207704,165329130.0,002772.SZ
2021-11-22,7.0,6.76,7.02,6.69,172715,136201209.0,002772.SZ
2021-11-23,6.77,6.72,6.83,6.71,114923,90608298.0,002772.SZ
2021-11-24,6.72,6.75,6.81,6.62,111252,87138197.0,002772.SZ
2021-11-25,6.72,6.73,6.82,6.69,91811,72272030.0,002772.SZ
2021-11-26,6.73,6.63,6.73,6.63,92647,72133791.0,002772.SZ
2021-11-29,6.56,6.52,6.59,6.47,95747,73372172.0,002772.SZ
2021-11-30,6.53,6.78,6.8,6.52,181855,142695173.0,002772.SZ
2021-12-01,6.78,6.78,6.9,6.73,179911,142734294.0,002772.SZ
2021-12-02,6.81,6.99,7.32,6.78,372036,303870448.0,002772.SZ
2021-12-03,6.97,6.9,7.02,6.78,211325,169155342.0,002772.SZ
2021-12-06,6.92,6.69,6.96,6.68,158482,125223030.0,002772.SZ
2021-12-07,6.68,6.76,6.77,6.67,93746,73615817.0,002772.SZ
2021-12-08,6.76,6.91,6.96,6.68,145978,116122751.0,002772.SZ
2021-12-09,6.91,7.14,7.47,6.88,316468,262911420.0,002772.SZ
2021-12-10,7.23,7.97,7.97,7.13,400798,355450720.0,002772.SZ
2021-12-13,8.3,7.96,8.57,7.77,714389,661542928.0,002772.SZ
2021-12-14,7.84,7.61,7.87,7.56,408523,359273760.0,002772.SZ
2021-12-15,7.53,7.55,7.66,7.42,225203,195275427.0,002772.SZ
2021-12-16,7.5,7.64,7.68,7.42,269333,233905314.0,002772.SZ
2021-12-17,7.53,8.0,8.42,7.43,459001,412366688.0,002772.SZ
2021-12-20,7.98,7.77,8.19,7.77,361141,329581360.0,002772.SZ
2021-12-21,7.71,7.8,7.87,7.59,223066,197412579.0,002772.SZ
2021-12-22,7.75,7.55,7.8,7.52,201545,176493231.0,002772.SZ
2021-12-23,7.56,7.58,7.65,7.4,158886,137598793.0,002772.SZ
2021-12-24,7.58,7.28,7.59,7.27,147069,125206427.0,002772.SZ
2021-12-27,7.23,7.45,7.6,7.22,132378,113610926.0,002772.SZ
2021-12-28,7.45,7.37,7.59,7.33,111354,95374816.0,002772.SZ
2021-12-29,7.37,7.11,7.37,7.07,130826,108326018.0,002772.SZ
2021-12-30,7.07,7.13,7.22,7.06,86215,71346553.0,002772.SZ
2021-12-31,7.12,7.23,7.3,7.11,84880,70807458.0,002772.SZ
2022-01-04,7.21,7.6,7.63,7.19,243377,209956658.0,002772.SZ
2022-01-05,7.52,7.53,7.66,7.38,171321,148057520.0,002772.SZ
2022-01-06,7.55,7.54,7.6,7.43,123677,106896985.0,002772.SZ
2022-01-07,7.57,7.2,7.57,7.18,174974,148070914.0,002772.SZ
2022-01-10,7.21,7.29,7.33,7.0,105642,88066441.0,002772.SZ
2022-01-11,7.23,7.26,7.52,7.21,100449,84987515.0,002772.SZ
2022-01-12,7.29,7.54,7.63,7.18,194721,166820249.0,002772.SZ
2022-01-13,7.75,7.6,7.84,7.49,253542,221863675.0,002772.SZ
2022-01-14,7.48,7.28,7.77,7.26,255477,221506650.0,002772.SZ
2022-01-17,7.3,7.45,7.47,7.14,204241,173356681.0,002772.SZ
2022-01-18,7.42,7.16,7.52,7.14,201081,167885647.0,002772.SZ
2022-01-19,7.22,7.43,7.58,7.17,232323,197673918.0,002772.SZ
2022-01-20,7.37,7.15,7.47,7.15,180375,151152583.0,002772.SZ
2022-01-21,7.07,6.76,7.07,6.57,164255,130030818.0,002772.SZ
2022-01-24,6.7,6.75,6.8,6.68,63374,49919681.0,002772.SZ
2022-01-25,6.7,6.37,6.79,6.36,109985,84283434.0,002772.SZ
2022-01-26,6.37,6.44,6.46,6.32,60662,45694797.0,002772.SZ
2022-01-27,6.43,6.27,6.48,6.27,65320,48821819.0,002772.SZ
2022-01-28,6.29,6.42,6.5,6.22,71932,53913728.0,002772.SZ
2022-02-07,6.52,6.61,6.61,6.42,57223,43768917.0,002772.SZ
2022-02-08,6.59,6.76,6.78,6.49,64096,50095450.0,002772.SZ
2022-02-09,6.75,6.82,6.86,6.7,57471,45591685.0,002772.SZ
2022-02-10,6.83,6.8,6.86,6.7,97721,77180622.0,002772.SZ
2022-02-11,6.72,6.59,6.76,6.57,65218,50611523.0,002772.SZ
2022-02-14,6.56,6.6,6.67,6.55,40489,31349738.0,002772.SZ
2022-02-15,6.6,6.52,6.65,6.49,48484,37272204.0,002772.SZ
2022-02-16,6.54,6.6,6.6,6.5,42814,32936442.0,002772.SZ
2022-02-17,6.6,6.49,6.66,6.47,64579,49637019.0,002772.SZ
2022-02-18,6.46,6.56,6.57,6.42,49824,38119996.0,002772.SZ
2022-02-21,6.58,6.76,6.76,6.57,77533,60772368.0,002772.SZ
2022-02-22,6.72,6.69,6.81,6.61,68512,53599875.0,002772.SZ
2022-02-23,6.8,6.72,6.92,6.65,84760,66621160.0,002772.SZ
2022-02-24,6.65,6.45,6.77,6.36,106770,82326406.0,002772.SZ
2022-02-25,6.48,6.53,6.6,6.47,53768,41220961.0,002772.SZ
2022-02-28,6.53,6.52,6.57,6.4,52626,40067344.0,002772.SZ
2022-03-01,6.54,6.66,6.67,6.5,62807,48566372.0,002772.SZ
2022-03-02,6.67,6.79,6.85,6.62,101729,80340070.0,002772.SZ
2022-03-03,6.75,6.79,6.83,6.72,74110,58578130.0,002772.SZ
2022-03-04,6.81,6.73,6.81,6.69,52262,41123058.0,002772.SZ
2022-03-07,6.78,6.73,6.82,6.66,64746,50877311.0,002772.SZ
2022-03-08,6.68,6.41,6.69,6.4,69179,53034057.0,002772.SZ
2022-03-09,6.51,6.19,6.51,5.85,92693,68135046.0,002772.SZ
2022-03-10,6.28,6.31,6.4,6.21,67899,50537151.0,002772.SZ
2022-03-11,6.23,6.47,6.47,6.07,69841,51902451.0,002772.SZ
2022-03-14,6.38,6.38,6.68,6.35,85348,65384874.0,002772.SZ
2022-03-15,6.33,5.9,6.44,5.89,90754,66329353.0,002772.SZ
2022-03-16,6.02,6.07,6.11,5.74,71951,50916077.0,002772.SZ
2022-03-17,6.12,6.23,6.34,6.08,61815,45648119.0,002772.SZ
2022-03-18,6.19,6.38,6.45,6.17,63298,47261555.0,002772.SZ
2022-03-21,6.43,6.73,6.75,6.36,124898,97124225.0,002772.SZ
2022-03-22,6.71,6.69,6.86,6.59,72216,56402606.0,002772.SZ
2022-03-23,6.67,6.73,6.82,6.62,63212,49627358.0,002772.SZ
2022-03-24,6.8,6.73,6.86,6.71,109845,86897712.0,002772.SZ
2022-03-25,6.71,7.0,7.07,6.7,152085,123478884.0,002772.SZ
2022-03-28,7.05,6.87,7.11,6.82,172157,138886863.0,002772.SZ
2022-03-29,6.83,7.04,7.07,6.78,167478,135981840.0,002772.SZ
2022-03-30,6.9,6.88,6.96,6.81,124255,99372035.0,002772.SZ
2022-03-31,6.79,6.79,6.93,6.76,85756,68339298.0,002772.SZ
2022-04-01,6.83,6.85,7.02,6.76,92987,74309264.0,002772.SZ
2022-04-06,6.68,7.0,7.04,6.63,122879,99091070.0,002772.SZ
2022-04-07,6.92,6.73,6.99,6.71,90999,72080929.0,002772.SZ
2022-04-08,6.75,6.52,6.8,6.46,71645,55006409.0,002772.SZ
2022-04-11,6.46,6.64,6.86,6.46,159930,125016856.0,002772.SZ
2022-04-12,6.37,6.6,6.67,6.27,165846,125519161.0,002772.SZ
2022-04-13,6.72,6.62,6.9,6.46,135110,104899565.0,002772.SZ
2022-04-14,6.58,6.64,6.67,6.47,91135,70472719.0,002772.SZ
2022-04-15,6.6,6.57,6.84,6.56,105614,82250256.0,002772.SZ
2022-04-18,6.55,7.16,7.16,6.5,287114,231739571.0,002772.SZ
2022-04-19,7.11,7.03,7.18,6.93,242478,198169196.0,002772.SZ
2022-04-20,7.1,7.19,7.32,6.98,275662,228307386.0,002772.SZ
2022-04-21,7.08,6.73,7.21,6.67,213302,171415952.0,002772.SZ
2022-04-22,6.57,6.18,6.68,6.11,200678,148083421.0,002772.SZ
2022-04-25,6.02,5.45,6.07,5.45,170454,116693338.0,002772.SZ
2022-04-26,5.44,5.19,5.61,5.14,121071,78668694.0,002772.SZ
2022-04-27,5.17,5.29,5.31,4.97,106140,66477497.0,002772.SZ
2022-04-28,5.21,5.13,5.26,4.94,99130,61685386.0,002772.SZ
2022-04-29,5.09,5.35,5.41,5.09,91780,59051855.0,002772.SZ
2022-05-05,5.33,5.47,5.56,5.22,84378,55668450.0,002772.SZ
2022-05-06,5.34,5.32,5.47,5.23,71027,46040270.0,002772.SZ
2022-05-09,5.35,5.48,5.52,5.35,55838,36833629.0,002772.SZ
2022-05-10,5.48,5.55,5.55,5.37,67987,44831195.0,002772.SZ
2022-05-11,5.52,5.47,5.62,5.47,78069,52133046.0,002772.SZ
2022-05-12,5.43,5.48,5.56,5.37,61845,40746345.0,002772.SZ
2022-05-13,5.46,5.52,5.59,5.42,56039,37141014.0,002772.SZ
2022-05-16,5.55,5.66,5.81,5.54,135395,92288170.0,002772.SZ
2022-05-17,5.65,5.54,5.66,5.46,86922,57878196.0,002772.SZ
2022-05-18,5.54,5.61,5.62,5.48,64479,43204816.0,002772.SZ
2022-05-19,5.53,5.66,5.72,5.48,75728,50399371.0,002772.SZ
2022-05-20,5.62,5.71,5.72,5.62,78186,52443558.0,002772.SZ
2022-05-23,5.71,5.86,5.91,5.68,96907,66378570.0,002772.SZ
2022-05-24,5.86,5.56,5.92,5.54,86665,58384092.0,002772.SZ
2022-05-25,5.57,5.76,5.78,5.56,64773,43487539.0,002772.SZ
2022-05-26,5.82,5.75,5.82,5.61,54064,36389124.0,002772.SZ
2022-05-27,5.76,5.75,5.77,5.65,56002,37788934.0,002772.SZ
2022-05-30,5.79,5.76,5.87,5.71,75441,51314934.0,002772.SZ
2022-05-31,5.75,5.92,6.01,5.7,145715,101076139.0,002772.SZ
2022-06-01,5.93,5.89,5.95,5.81,83431,57728866.0,002772.SZ
2022-06-02,5.84,5.92,5.93,5.76,63405,43685390.0,002772.SZ
2022-06-06,5.9,6.01,6.02,5.83,88670,61871523.0,002772.SZ
2022-06-07,6.03,5.91,6.03,5.87,73170,50885135.0,002772.SZ
2022-06-08,5.91,5.89,5.94,5.75,70020,48215712.0,002772.SZ
2022-06-09,5.9,5.78,5.96,5.73,61101,41881099.0,002772.SZ
2022-06-10,5.82,5.81,5.83,5.69,49622,33825702.0,002772.SZ
2022-06-13,5.81,5.81,5.87,5.74,54212,37049496.0,002772.SZ
2022-06-14,5.81,5.88,5.9,5.7,77864,53250548.0,002772.SZ
2022-06-15,5.9,5.88,5.96,5.86,74972,51994762.0,002772.SZ
2022-06-16,5.88,5.95,6.02,5.86,72407,50533958.0,002772.SZ
2022-06-17,5.93,5.9,5.98,5.76,64315,44333928.0,002772.SZ
2022-06-20,5.87,6.01,6.04,5.86,87751,61419022.0,002772.SZ
2022-06-21,6.02,6.0,6.04,5.92,56894,39905068.0,002772.SZ
2022-06-22,6.05,5.91,6.05,5.9,99888,69920170.0,002772.SZ
2022-06-23,5.85,5.94,5.94,5.8,61510,42467880.0,002772.SZ
2022-06-24,5.94,5.96,5.96,5.88,50050,34856300.0,002772.SZ
2022-06-27,6.03,5.96,6.06,5.94,48568,34016026.0,002772.SZ
2022-06-28,5.95,6.06,6.08,5.94,85614,60443430.0,002772.SZ
2022-06-29,6.06,5.92,6.07,5.92,72803,51147670.0,002772.SZ
2022-06-30,5.93,5.99,6.09,5.93,84580,59457953.0,002772.SZ
2022-07-01,5.99,5.98,6.05,5.91,59403,41614862.0,002772.SZ
2022-07-04,5.99,5.98,6.03,5.87,95535,66796233.0,002772.SZ
2022-07-05,6.0,5.86,6.0,5.75,102050,70246544.0,002772.SZ
2022-07-06,5.83,5.66,5.83,5.62,64868,43763169.0,002772.SZ
2022-07-07,5.66,5.68,5.73,5.65,51446,34585068.0,002772.SZ
2022-07-08,5.69,5.79,5.85,5.65,60033,40904609.0,002772.SZ
2022-07-11,5.79,5.92,5.93,5.77,88784,61323991.0,002772.SZ
2022-07-12,5.86,5.74,5.97,5.73,65047,44576530.92,002772.SZ
2022-07-13,5.74,6.01,6.01,5.71,101484,70588352.04,002772.SZ
2022-07-14,5.9,5.88,5.95,5.82,106273,73387308.93,002772.SZ
2022-07-15,5.9,5.58,5.92,5.57,103666,69773166.4,002772.SZ
2022-07-18,5.54,5.86,5.91,5.53,88265,60343245.5,002772.SZ
2022-07-19,5.89,5.94,6.0,5.86,63770,44369786.96,002772.SZ
2022-07-20,5.94,5.92,6.0,5.9,44225,30771033.74,002772.SZ
2022-07-21,5.85,5.84,5.93,5.83,38023,26262857.0,002772.SZ
2022-07-22,5.83,5.86,5.91,5.79,37707,25967515.81,002772.SZ
2022-07-25,5.86,5.81,5.93,5.78,37432,25734244.0,002772.SZ
2022-07-26,5.8,5.92,5.94,5.76,48386,33338539.0,002772.SZ
2022-07-27,5.91,6.12,6.12,5.89,98598,69765896.87,002772.SZ
2022-07-28,6.14,6.39,6.72,6.08,172741,128541610.5,002772.SZ
2022-07-29,6.44,6.27,6.46,6.25,83012,60876245.1,002772.SZ
2022-08-01,6.23,6.14,6.3,6.11,57821,41516581.0,002772.SZ
2022-08-02,6.13,5.84,6.13,5.7,93854,64450227.13,002772.SZ
2022-08-03,5.83,5.89,6.08,5.82,79417,55469812.01,002772.SZ
2022-08-04,5.94,5.96,5.98,5.84,46537,32344491.17,002772.SZ
2022-08-05,6.01,6.03,6.06,5.9,42615,29833585.2,002772.SZ
2022-08-08,6.03,6.0,6.09,5.95,48856,34319672.34,002772.SZ
2022-08-09,5.99,6.05,6.06,5.89,58166,40800093.02,002772.SZ
2022-08-10,6.02,5.97,6.04,5.95,45930,32185314.0,002772.SZ
2022-08-11,5.99,6.39,6.48,5.99,130392,95061173.33,002772.SZ
2022-08-12,6.47,6.4,6.54,6.33,94383,70439685.68,002772.SZ
2022-08-15,6.43,6.44,6.51,6.34,53357,39759716.54,002772.SZ
2022-08-16,6.54,6.51,6.57,6.44,64978,49006036.89,002772.SZ
2022-08-17,6.59,6.45,6.63,6.43,59015,44343520.74,002772.SZ
2022-08-18,6.34,6.24,6.51,6.23,56049,40997713.88,002772.SZ
2022-08-19,6.26,6.28,6.37,6.22,52097,38214521.31,002772.SZ
2022-08-22,6.28,6.33,6.44,6.18,54896,40482343.55,002772.SZ
2022-08-23,6.34,6.47,6.52,6.26,52267,38918206.0,002772.SZ
2022-08-24,6.47,6.44,6.58,6.38,92544,69379811.9,002772.SZ
2022-08-25,6.44,6.45,6.54,6.39,64202,48065551.49,002772.SZ
2022-08-26,6.48,6.67,6.68,6.4,86366,65877608.7,002772.SZ
2022-08-29,6.57,6.69,6.69,6.5,79844,61028267.87,002772.SZ
2022-08-30,6.62,6.73,6.92,6.54,111616,86327518.64,002772.SZ
2022-08-31,6.68,6.62,6.92,6.49,140885,108991359.43,002772.SZ
2022-09-01,6.57,6.55,6.8,6.5,93594,71657886.62,002772.SZ
2022-09-02,6.55,6.62,6.68,6.5,59581,45302416.71,002772.SZ
2022-09-05,6.6,6.61,6.68,6.49,50149,38090264.0,002772.SZ
2022-09-06,6.63,6.77,6.77,6.52,61825,47604028.7,002772.SZ
2022-09-07,6.73,6.65,6.75,6.6,64374,49372338.0,002772.SZ
2022-09-08,6.66,6.29,6.7,6.28,70626,52641656.5,002772.SZ
2022-09-09,6.38,6.31,6.39,6.22,45603,33410765.99,002772.SZ
2022-09-13,6.46,6.62,6.75,6.39,102916,78298472.86,002772.SZ
2022-09-14,6.5,6.41,6.64,6.4,72538,54707040.0,002772.SZ
2022-09-15,6.47,6.28,6.55,6.17,62168,45699785.48,002772.SZ
2022-09-16,6.3,6.05,6.4,6.05,58591,42473980.46,002772.SZ
2022-09-19,6.01,5.93,6.09,5.87,52497,36698046.72,002772.SZ
2022-09-20,6.04,6.23,6.31,6.02,71576,51661750.92,002772.SZ
2022-09-21,6.3,6.34,6.36,6.09,55958,40714994.44,002772.SZ
2022-09-22,6.3,6.5,6.63,6.27,72827,54646160.95,002772.SZ
2022-09-23,6.55,6.34,6.58,6.32,56737,42118045.58,002772.SZ
2022-09-26,6.3,6.02,6.3,5.95,64131,45545198.0,002772.SZ
2022-09-27,6.02,6.14,6.17,5.87,53441,37701887.0,002772.SZ
2022-09-28,6.09,6.17,6.39,6.05,62102,45150886.25,002772.SZ
2022-09-29,6.17,6.08,6.28,6.04,64000,46090704.83,002772.SZ
2022-09-30,6.02,5.88,6.08,5.79,56840,39573167.4,002772.SZ
2022-10-10,5.93,5.95,6.08,5.85,49584,34748358.25,002772.SZ
2022-10-11,5.95,6.08,6.08,5.78,51944,36103093.0,002772.SZ
2022-10-12,6.79,6.79,6.79,6.79,27798,21738301.88,002772.SZ
2022-10-13,7.57,7.57,7.57,7.51,168997,145325504.2,002772.SZ
2022-10-14,7.57,7.95,8.32,7.47,663870,593861712.62,002772.SZ
2022-10-17,7.85,7.83,8.05,7.5,374499,329298585.91,002772.SZ
2022-10-18,7.77,7.83,7.95,7.64,260095,229120573.24,002772.SZ
2022-10-19,7.84,7.67,7.99,7.48,262884,229144722.49,002772.SZ
2022-10-20,7.58,7.28,7.75,7.23,261161,221329209.01,002772.SZ
2022-10-21,7.29,7.31,7.41,7.17,157413,131212947.14,002772.SZ
2022-10-24,7.29,7.3,7.56,7.19,169998,143170384.28,002772.SZ
2022-10-25,7.3,7.41,7.48,6.99,165501,136505615.67,002772.SZ
2022-10-26,7.3,7.27,7.37,7.11,138695,114667027.73,002772.SZ
2022-10-27,7.25,7.21,7.31,7.12,118124,97363625.0,002772.SZ
2022-10-28,7.12,6.88,7.18,6.81,149119,119466850.0,002772.SZ
2022-10-31,6.75,7.0,7.07,6.74,111473,89412497.13,002772.SZ
2022-11-01,7.02,7.19,7.29,7.02,132213,108306860.66,002772.SZ
2022-11-02,7.16,7.18,7.29,7.11,108754,89512505.34,002772.SZ
2022-11-03,7.15,7.22,7.25,7.09,87792,72099703.05,002772.SZ
2022-11-04,7.22,7.25,7.3,7.15,122793,101442521.24,002772.SZ
2022-11-07,7.21,7.17,7.25,7.12,92298,75705497.7,002772.SZ
2022-11-08,7.14,7.04,7.23,6.97,85704,69251983.0,002772.SZ
2022-11-09,7.03,7.18,7.2,7.0,75696,61752161.52,002772.SZ
2022-11-10,7.15,7.11,7.17,7.05,59893,48635588.38,002772.SZ
2022-11-11,7.15,7.25,7.38,7.14,139807,115891964.46,002772.SZ
2022-11-14,7.25,7.36,7.5,7.19,131877,110812859.56,002772.SZ
2022-11-15,7.37,7.21,7.42,7.12,134433,110700790.0,002772.SZ
2022-11-16,7.18,7.16,7.21,7.07,76609,62648320.0,002772.SZ
2022-11-17,7.15,7.18,7.24,7.11,66616,54638910.52,002772.SZ
2022-11-18,7.16,7.13,7.31,7.12,106140,87669496.36,002772.SZ
2022-11-21,7.02,7.12,7.17,6.78,98569,79024662.7,002772.SZ
2022-11-22,7.15,7.03,7.31,7.01,93847,76942723.61,002772.SZ
2022-11-23,7.07,6.93,7.15,6.91,64427,51648538.79,002772.SZ
2022-11-24,6.93,6.94,7.06,6.89,54764,43868823.0,002772.SZ
2022-11-25,6.91,6.96,7.01,6.88,42787,34121942.61,002772.SZ
2022-11-28,6.86,6.98,6.99,6.63,92813,72728178.0,002772.SZ
2022-11-29,6.97,7.06,7.08,6.92,54317,43783293.0,002772.SZ
2022-11-30,7.05,7.1,7.26,7.03,76532,62735701.74,002772.SZ
2022-12-01,7.13,7.28,7.35,7.13,98231,81556170.0,002772.SZ
2022-12-02,7.2,7.59,7.64,7.17,179931,153188787.24,002772.SZ
2022-12-05,7.65,7.75,8.42,7.63,194431,171414930.2,002772.SZ
2022-12-06,7.71,7.69,7.95,7.63,120921,106189175.28,002772.SZ
2022-12-07,7.7,7.73,7.82,7.62,84110,73565655.22,002772.SZ
2022-12-08,7.7,7.49,7.75,7.42,83454,71427702.9,002772.SZ
2022-12-09,7.54,7.48,7.59,7.3,75194,63599429.54,002772.SZ
2022-12-12,7.5,7.31,7.56,7.28,72283,60722804.26,002772.SZ
2022-12-13,7.37,7.61,7.62,7.34,100693,86197484.06,002772.SZ
2022-12-14,7.48,7.53,7.55,7.37,70189,59698392.95,002772.SZ
2022-12-15,7.58,7.69,7.97,7.48,127440,111357297.55,002772.SZ
2022-12-16,7.62,7.74,7.76,7.54,80878,70138108.96,002772.SZ
2022-12-19,7.74,7.41,7.77,7.35,108658,92004754.0,002772.SZ
2022-12-20,7.41,7.21,7.56,7.17,73639,61380177.9,002772.SZ
2022-12-21,7.22,7.26,7.38,7.08,66363,55032669.81,002772.SZ
2022-12-22,7.32,7.37,7.57,7.32,83881,70923133.4,002772.SZ
2022-12-23,7.23,7.14,7.51,7.06,83863,69214743.2,002772.SZ
2022-12-26,7.26,7.18,7.5,7.12,102384,84822842.0,002772.SZ
2022-12-27,7.23,7.43,7.43,7.05,126042,104693502.85,002772.SZ
2022-12-28,7.29,7.04,7.34,6.98,139215,113684823.07,002772.SZ
2022-12-29,7.04,7.07,7.17,6.96,77524,62734754.67,002772.SZ
2022-12-30,7.04,7.29,7.31,6.87,126272,102727544.63,002772.SZ
2023-01-03,7.25,7.29,7.3,7.09,87303,72008521.0,002772.SZ
2023-01-04,7.27,7.54,7.65,7.2,140480,119556969.8,002772.SZ
2023-01-05,7.62,7.5,7.63,7.32,109132,92651454.0,002772.SZ
2023-01-06,7.54,7.33,7.57,7.32,77444,65263023.74,002772.SZ
2023-01-09,7.34,7.63,7.73,7.28,123336,105849089.06,002772.SZ
2023-01-10,7.58,7.66,7.67,7.5,91940,79276043.46,002772.SZ
2023-01-11,7.65,7.53,7.81,7.41,195023,168238918.96,002772.SZ
2023-01-12,7.48,7.07,7.51,7.04,227112,187931998.2,002772.SZ
2023-01-13,7.06,7.09,7.21,7.03,135095,110018976.0,002772.SZ
2023-01-16,7.16,7.48,7.85,7.14,227793,193804042.14,002772.SZ
2023-01-17,7.52,7.22,7.63,7.16,148692,123821417.52,002772.SZ
2023-01-18,7.21,7.15,7.23,7.13,94661,77616121.44,002772.SZ
2023-01-19,7.12,7.15,7.21,7.07,98073,79887573.89,002772.SZ
2023-01-20,7.15,7.27,7.29,7.15,90928,75133586.38,002772.SZ
2023-01-30,7.33,8.1,8.1,7.32,263706,232934465.61,002772.SZ
2023-01-31,8.11,8.04,8.15,7.86,343445,310239340.35,002772.SZ
2023-02-01,8.04,8.15,8.25,7.94,261148,238911851.71,002772.SZ
2023-02-02,8.14,8.24,8.31,8.0,241310,221460677.68,002772.SZ
2023-02-03,8.23,8.13,8.36,8.05,180408,166159937.55,002772.SZ
2023-02-06,8.11,8.39,8.4,8.06,192116,178067835.58,002772.SZ
2023-02-07,8.29,8.38,8.39,8.1,176372,163612313.16,002772.SZ
2023-02-08,8.29,8.2,8.32,8.13,119132,109910550.98,002772.SZ
2023-02-09,8.21,8.32,8.54,8.16,161737,151497173.96,002772.SZ
2023-02-10,8.38,8.57,8.63,8.28,205795,196533544.53,002772.SZ
2023-02-13,8.65,8.51,8.75,8.43,178172,170681383.64,002772.SZ
2023-02-14,8.66,8.3,8.7,8.27,171876,162034271.17,002772.SZ
2023-02-15,8.4,8.24,8.4,8.18,123746,114842466.0,002772.SZ
2023-02-16,8.2,7.96,8.24,7.9,126378,115415491.61,002772.SZ
2023-02-17,8.01,7.97,8.13,7.96,83450,75604385.45,002772.SZ
2023-02-20,8.03,8.05,8.06,7.86,79223,71212645.9,002772.SZ
2023-02-21,8.07,8.07,8.18,7.98,86357,78622749.67,002772.SZ
2023-02-22,7.99,8.08,8.17,7.98,74678,68069968.91,002772.SZ
2023-02-23,8.07,8.26,8.31,8.03,136306,125974007.16,002772.SZ
2023-02-24,8.15,8.05,8.22,8.02,107671,98116218.87,002772.SZ
2023-02-27,8.02,8.22,8.35,7.99,153285,142209277.22,002772.SZ
2023-02-28,8.22,8.27,8.3,8.12,78968,72926796.0,002772.SZ
2023-03-01,8.22,8.33,8.35,8.18,96668,90027932.57,002772.SZ
2023-03-02,8.36,8.24,8.42,8.22,86082,80259125.6,002772.SZ
2023-03-03,8.3,8.26,8.5,8.22,126670,118604058.25,002772.SZ
2023-03-06,8.22,8.53,8.62,8.22,163744,155350135.7,002772.SZ
2023-03-07,8.56,8.33,8.77,8.3,135663,129145466.22,002772.SZ
2023-03-08,8.29,8.29,8.4,8.21,82100,76391751.67,002772.SZ
2023-03-09,8.27,8.17,8.31,8.13,70566,65153248.14,002772.SZ
2023-03-10,8.12,8.07,8.17,8.03,66159,60314399.0,002772.SZ
2023-03-13,8.07,8.07,8.11,7.94,78476,71029841.09,002772.SZ
2023-03-14,8.04,7.8,8.16,7.67,111013,98736464.92,002772.SZ
2023-03-15,7.89,7.95,8.0,7.83,55534,49704548.0,002772.SZ
2023-03-16,7.93,8.27,8.48,7.9,205089,190262644.11,002772.SZ
2023-03-17,8.27,8.15,8.3,8.08,137005,125894110.29,002772.SZ
2023-03-20,8.15,8.03,8.15,7.86,103166,92877385.6,002772.SZ
2023-03-21,7.98,7.93,8.02,7.87,110651,98924060.64,002772.SZ
2023-03-22,7.96,7.92,8.16,7.89,119056,107599197.99,002772.SZ
2023-03-23,7.94,7.72,7.95,7.69,113717,99976957.84,002772.SZ
2023-03-24,7.72,7.76,7.85,7.69,72214,63449895.0,002772.SZ
2023-03-27,7.76,7.5,7.76,7.43,109247,93496718.0,002772.SZ
2023-03-28,7.52,7.52,7.61,7.47,51529,44040405.04,002772.SZ
2023-03-29,7.55,7.54,7.79,7.49,80703,69619736.5,002772.SZ
2023-03-30,7.53,7.4,7.53,7.31,71099,59768246.68,002772.SZ
2023-03-31,7.44,7.53,7.59,7.44,74567,63798833.36,002772.SZ
2023-04-03,7.65,7.83,8.04,7.59,159065,141484286.51,002772.SZ
2023-04-04,7.82,8.02,8.09,7.82,145164,130908349.82,002772.SZ
2023-04-06,8.02,7.92,8.14,7.87,77176,69331671.6,002772.SZ
2023-04-07,8.03,8.45,8.52,7.98,244559,229412589.66,002772.SZ
2023-04-10,8.54,8.59,8.69,8.29,210014,200391295.48,002772.SZ
2023-04-11,9.55,9.55,9.55,9.55,54649,57818684.32,002772.SZ
2023-04-12,10.57,10.61,10.61,10.2,650498,751608233.12,002772.SZ
2023-04-13,10.82,10.23,10.9,10.16,665008,767486156.2,002772.SZ
2023-04-14,10.23,10.0,10.35,9.82,379571,420288019.82,002772.SZ
2023-04-17,9.97,9.98,10.13,9.89,235154,259987582.09,002772.SZ
2023-04-18,9.92,9.84,9.97,9.64,246722,266923601.82,002772.SZ
2023-04-19,9.92,10.08,10.31,9.89,280625,312104135.63,002772.SZ
2023-04-20,9.95,10.14,10.2,9.83,199661,221293302.26,002772.SZ
2023-04-21,10.17,10.21,10.53,10.02,303069,342310431.14,002772.SZ
2023-04-24,10.42,10.14,10.55,9.95,222865,249147943.16,002772.SZ
2023-04-25,9.96,10.28,10.41,9.96,205440,231008952.09,002772.SZ
2023-04-26,10.1,9.95,10.23,9.82,184128,202930291.41,002772.SZ
2023-04-27,9.85,9.83,10.04,9.78,124334,135622404.14,002772.SZ
2023-04-28,9.82,9.87,10.01,9.8,101150,110453598.95,002772.SZ
2023-05-04,9.87,10.08,10.1,9.73,134370,147839302.43,002772.SZ
2023-05-05,10.0,9.9,10.0,9.68,117190,126953001.84,002772.SZ
2023-05-08,9.85,9.73,9.99,9.67,119392,128914388.28,002772.SZ
2023-05-09,9.73,9.58,9.79,9.54,94777,98364907.31,002772.SZ
2023-05-10,9.48,9.44,9.54,9.38,73326,74571577.09,002772.SZ
2023-05-11,9.51,9.45,9.61,9.36,71728,73236664.0,002772.SZ
2023-05-12,9.37,9.52,9.72,9.37,89951,92739538.28,002772.SZ
2023-05-15,9.56,9.65,9.66,9.38,69627,71478657.0,002772.SZ
2023-05-16,9.64,9.53,9.64,9.46,47683,48886811.33,002772.SZ
2023-05-17,9.46,9.71,9.76,9.43,78857,81692151.98,002772.SZ
2023-05-18,9.68,9.59,9.94,9.57,87009,90979225.88,002772.SZ
2023-05-19,9.59,9.78,9.92,9.46,98081,102434546.0,002772.SZ
2023-05-22,9.73,9.99,10.16,9.72,124699,133612766.84,002772.SZ
2023-05-23,9.99,9.64,10.02,9.63,79423,83577469.78,002772.SZ
2023-05-24,9.67,9.65,9.74,9.55,60365,62647167.0,002772.SZ
2023-05-25,9.6,9.57,9.72,9.43,56701,58371405.91,002772.SZ
2023-05-26,9.55,9.54,9.6,9.43,42583,43561700.68,002772.SZ
2023-05-29,9.57,9.51,9.74,9.47,70453,72697619.0,002772.SZ
2023-05-30,9.51,9.54,9.54,9.39,54154,55207788.15,002772.SZ
2023-05-31,9.54,9.62,9.85,9.52,56895,59222137.9,002772.SZ
2023-06-01,9.6,9.92,9.98,9.53,91223,96632127.92,002772.SZ
2023-06-02,9.91,9.78,9.96,9.75,63014,66500883.47,002772.SZ
2023-06-05,9.87,9.87,9.9,9.75,51454,54316275.88,002772.SZ
2023-06-06,9.81,9.77,9.99,9.73,67801,71786831.0,002772.SZ
2023-06-07,9.69,9.81,9.86,9.59,45361,47613622.0,002772.SZ
2023-06-08,9.76,10.05,10.17,9.72,107797,115899545.06,002772.SZ
2023-06-09,10.07,9.94,10.11,9.81,72201,77002158.54,002772.SZ
2023-06-12,9.97,9.94,10.04,9.77,77383,82258515.35,002772.SZ
2023-06-13,9.91,9.88,10.01,9.84,52322,55577924.24,002772.SZ
2023-06-14,9.88,9.87,10.02,9.79,61327,65207793.84,002772.SZ
2023-06-15,9.87,9.68,9.88,9.62,70746,73881899.51,002772.SZ
2023-06-16,9.72,9.75,9.87,9.69,67576,71124615.0,002772.SZ
2023-06-19,9.8,9.58,9.86,9.57,53935,56210388.26,002772.SZ
2023-06-20,9.58,9.44,9.65,9.43,47287,48441855.0,002772.SZ
2023-06-21,9.49,9.29,9.49,9.24,58423,58800445.61,002772.SZ
2023-06-26,9.27,9.15,9.34,9.15,64954,64798760.0,002772.SZ
2023-06-27,9.14,9.3,9.33,9.1,46625,46696372.0,002772.SZ
2023-06-28,9.27,9.38,9.4,9.13,45356,45365916.76,002772.SZ
2023-06-29,9.37,9.79,10.01,9.32,144392,152109504.72,002772.SZ
2023-06-30,9.78,10.57,10.65,9.78,270124,298040863.66,002772.SZ
2023-07-03,10.49,9.7,10.49,9.59,316447,335218975.81,002772.SZ
2023-07-04,9.58,9.52,9.62,9.24,191372,194111415.54,002772.SZ
2023-07-05,9.53,9.39,9.55,9.36,101489,102918346.13,002772.SZ
2023-07-06,9.38,9.44,9.46,9.29,83536,84530163.86,002772.SZ
2023-07-07,9.4,9.69,9.95,9.35,161432,167801697.57,002772.SZ
2023-07-10,9.78,9.67,9.96,9.5,108098,112588106.0,002772.SZ
2023-07-11,9.67,9.56,9.76,9.52,69388,71699356.5,002772.SZ
2023-07-12,9.53,9.39,9.69,9.38,124295,126930103.0,002772.SZ
2023-07-13,9.42,9.4,9.47,9.25,101646,102417328.0,002772.SZ
2023-07-14,9.37,9.34,9.43,9.3,66533,67135823.95,002772.SZ
2023-07-17,9.3,9.16,9.3,9.11,101611,100714536.0,002772.SZ
2023-07-18,9.16,9.07,9.21,9.03,94166,92437787.31,002772.SZ
2023-07-19,9.05,8.97,9.14,8.9,94623,92045587.16,002772.SZ
2023-07-20,8.97,8.77,9.03,8.73,89046,85177237.71,002772.SZ
2023-07-21,8.74,8.86,8.93,8.73,74926,71885420.2,002772.SZ
2023-07-24,8.86,8.82,8.89,8.79,53264,50989129.77,002772.SZ
2023-07-25,8.88,8.91,8.91,8.82,60951,58521654.92,002772.SZ
2023-07-26,8.87,8.79,8.91,8.76,74649,71268680.0,002772.SZ
2023-07-27,8.83,8.74,8.85,8.71,51284,48714288.0,002772.SZ
2023-07-28,8.7,8.8,8.82,8.63,60821,57574096.9,002772.SZ
2023-07-31,8.85,9.04,9.06,8.81,115795,112409299.36,002772.SZ
2023-08-01,9.01,9.01,9.07,8.95,70126,68195784.0,002772.SZ
2023-08-02,9.0,9.05,9.11,8.94,69583,68080444.22,002772.SZ
2023-08-03,9.0,9.02,9.06,8.96,46341,45155500.52,002772.SZ
2023-08-04,9.06,9.0,9.1,8.98,51595,50325883.0,002772.SZ
2023-08-07,9.04,9.07,9.15,8.97,74647,73106218.0,002772.SZ
2023-08-08,9.05,9.0,9.11,8.93,49449,48061529.62,002772.SZ
2023-08-09,8.97,8.91,9.0,8.9,48934,47340044.0,002772.SZ
2023-08-10,8.92,8.92,8.99,8.87,39081,37758487.36,002772.SZ
2023-08-11,8.96,8.73,8.97,8.73,42575,40734972.25,002772.SZ
2023-08-14,8.68,8.61,8.7,8.52,46143,42971161.0,002772.SZ
2023-08-15,8.58,8.56,8.71,8.54,42801,40026892.0,002772.SZ
2023-08-16,8.56,8.58,8.74,8.53,46714,43701775.26,002772.SZ
2023-08-17,8.54,8.67,8.67,8.41,43228,40089671.24,002772.SZ
2023-08-18,8.61,8.47,8.68,8.45,40712,37826906.14,002772.SZ
2023-08-21,8.37,8.04,8.46,8.03,145948,129395598.86,002772.SZ
2023-08-22,8.12,8.09,8.21,7.93,76692,67118133.17,002772.SZ
2023-08-23,8.09,8.06,8.16,8.0,50736,44760790.94,002772.SZ
2023-08-24,8.12,8.28,8.3,8.01,77630,69133578.78,002772.SZ
2023-08-25,8.28,8.19,8.43,8.17,84292,76096167.0,002772.SZ
2023-08-28,8.52,8.36,8.59,8.29,100486,92406379.49,002772.SZ
2023-08-29,8.33,8.45,8.47,8.24,66330,60428781.0,002772.SZ
2023-08-30,8.43,8.43,8.51,8.38,54256,49719879.0,002772.SZ
2023-08-31,8.39,8.43,8.46,8.35,40064,36625804.63,002772.SZ
2023-09-01,8.41,8.41,8.52,8.37,58990,54095374.75,002772.SZ
2023-09-04,8.42,8.45,8.51,8.34,77228,70558308.59,002772.SZ
2023-09-05,8.42,8.39,8.45,8.33,53256,48490974.85,002772.SZ
2023-09-06,8.34,8.33,8.39,8.3,31807,28830047.18,002772.SZ
2023-09-07,8.33,8.15,8.34,8.15,39222,35168355.0,002772.SZ
2023-09-08,8.18,8.09,8.19,8.07,35175,31106371.0,002772.SZ
2023-09-11,8.07,8.17,8.18,8.06,43373,38438027.4,002772.SZ
2023-09-12,8.15,8.22,8.28,8.12,34666,31050837.5,002772.SZ
2023-09-13,8.18,8.12,8.25,8.04,42989,38122966.55,002772.SZ
2023-09-14,8.12,8.02,8.12,7.95,39070,34136768.0,002772.SZ
2023-09-15,8.04,8.04,8.12,7.99,32029,28126268.0,002772.SZ
2023-09-18,8.02,8.19,8.2,7.96,41928,37101206.0,002772.SZ
2023-09-19,8.18,8.07,8.2,8.04,41770,36862908.22,002772.SZ
2023-09-20,8.06,8.02,8.13,8.01,26088,22954702.0,002772.SZ
2023-09-21,8.02,7.9,8.04,7.88,37535,32548047.0,002772.SZ
2023-09-22,7.87,8.07,8.08,7.87,39145,34177087.0,002772.SZ
2023-09-25,8.07,8.08,8.17,8.05,31664,27976196.34,002772.SZ
2023-09-26,8.1,8.04,8.13,8.02,29265,25742054.0,002772.SZ
2023-09-27,7.98,8.04,8.09,7.93,29172,25598294.0,002772.SZ
2023-09-28,8.08,8.1,8.11,8.02,29698,26168192.95,002772.SZ
2023-10-09,8.13,7.88,8.13,7.85,64670,55856065.0,002772.SZ
2023-10-10,7.87,7.82,8.03,7.81,43376,37311397.0,002772.SZ
2023-10-11,7.87,7.83,7.93,7.8,39055,33560713.0,002772.SZ
2023-10-12,7.89,7.85,7.9,7.8,34981,29991731.0,002772.SZ
2023-10-13,7.83,7.64,7.83,7.62,56225,47244561.0,002772.SZ
2023-10-16,7.63,7.61,7.7,7.55,47049,39285647.0,002772.SZ
2023-10-17,7.66,7.55,7.66,7.52,39156,32448962.2,002772.SZ
2023-10-18,7.55,7.45,7.61,7.45,43990,36280112.75,002772.SZ
2023-10-19,7.47,7.41,7.53,7.37,31861,26047237.56,002772.SZ
2023-10-20,7.38,7.33,7.48,7.32,38849,31550327.0,002772.SZ
2023-10-23,7.32,7.14,7.39,7.11,47717,37955110.0,002772.SZ
2023-10-24,7.21,7.37,7.4,7.19,59889,48298460.0,002772.SZ
2023-10-25,7.33,7.43,7.48,7.32,43414,35428831.08,002772.SZ
2023-10-26,7.42,7.44,7.46,7.33,42731,34705211.29,002772.SZ
2023-10-27,7.42,7.66,7.69,7.36,62590,51961115.28,002772.SZ
2023-10-30,7.5,7.43,7.66,7.42,119722,98140603.81,002772.SZ
2023-10-31,7.43,7.32,7.45,7.29,66491,53728439.07,002772.SZ
2023-11-01,7.34,7.45,7.45,7.34,53504,43551195.0,002772.SZ
2023-11-02,7.42,7.37,7.47,7.37,41707,33926319.0,002772.SZ
2023-11-03,7.37,7.41,7.47,7.36,34689,28270220.79,002772.SZ
2023-11-06,7.46,7.46,7.47,7.4,62898,51347373.35,002772.SZ
2023-11-07,7.46,7.54,7.56,7.35,86603,70934307.64,002772.SZ
2023-11-08,7.48,7.51,7.54,7.44,54809,45041612.0,002772.SZ
2023-11-09,7.5,7.53,7.56,7.47,62633,51695823.91,002772.SZ
2023-11-10,7.51,7.52,7.55,7.44,38910,31996455.04,002772.SZ
2023-11-13,7.53,7.54,7.55,7.47,41920,34550860.67,002772.SZ
2023-11-14,7.52,7.53,7.57,7.49,40482,33399621.02,002772.SZ
2023-11-15,7.55,7.61,7.62,7.5,76625,63564984.97,002772.SZ
2023-11-16,7.59,7.55,7.64,7.54,45516,37840782.0,002772.SZ
2023-11-17,7.53,7.55,7.57,7.5,27159,22449800.66,002772.SZ
2023-11-20,7.55,7.61,7.63,7.53,49330,41067372.56,002772.SZ
2023-11-21,7.62,7.57,7.65,7.54,52707,43945347.0,002772.SZ
2023-11-22,7.56,7.57,7.64,7.53,50031,41663100.44,002772.SZ
2023-11-23,7.56,7.64,7.65,7.55,40683,33901145.87,002772.SZ
2023-11-24,7.63,7.7,7.75,7.62,66664,56086996.85,002772.SZ
2023-11-27,7.73,7.76,7.76,7.66,63775,53852323.63,002772.SZ
2023-11-28,7.75,7.88,7.91,7.67,89458,76531348.69,002772.SZ
2023-11-29,7.88,7.82,7.88,7.8,63490,54332909.88,002772.SZ
2023-11-30,7.84,7.79,7.86,7.72,53391,45483031.22,002772.SZ
2023-12-01,7.79,7.86,7.91,7.76,64983,55720066.95,002772.SZ
2023-12-04,7.86,7.79,7.87,7.74,56308,47967213.39,002772.SZ
2023-12-05,7.77,7.71,7.82,7.71,50022,42561580.54,002772.SZ
2023-12-06,7.7,7.82,7.86,7.68,63050,53740303.52,002772.SZ
2023-12-07,7.81,7.75,7.81,7.61,51358,43295690.4,002772.SZ
2023-12-08,7.74,7.44,7.76,7.43,82063,67981296.05,002772.SZ
2023-12-11,7.43,7.3,7.44,7.25,93958,75460679.0,002772.SZ
2023-12-12,7.29,7.27,7.31,7.17,59541,47361777.85,002772.SZ
2023-12-13,7.23,7.18,7.29,7.18,47991,38229440.23,002772.SZ
2023-12-14,7.19,7.2,7.26,7.18,45871,36450251.46,002772.SZ
2023-12-15,7.19,7.23,7.24,7.16,39222,31133412.0,002772.SZ
2023-12-18,7.22,7.1,7.22,7.07,42920,33786087.0,002772.SZ
2023-12-19,7.11,7.22,7.39,7.07,77905,62096467.86,002772.SZ
2023-12-20,7.23,7.11,7.29,7.1,40220,31821028.46,002772.SZ
2023-12-21,7.09,7.13,7.14,6.97,43513,33890514.4,002772.SZ
2023-12-22,7.14,7.09,7.21,7.03,58054,45432062.46,002772.SZ
2023-12-25,7.07,6.97,7.07,6.92,37746,29054694.19,002772.SZ
2023-12-26,6.94,6.84,6.97,6.83,30580,23292146.0,002772.SZ
2023-12-27,6.82,7.01,7.01,6.82,34391,26417105.79,002772.SZ
2023-12-28,7.0,7.11,7.12,6.94,33422,26016185.18,002772.SZ
2023-12-29,7.11,7.16,7.16,7.07,32638,25609878.0,002772.SZ
2024-01-02,7.15,7.31,7.4,7.11,65906,52858278.94,002772.SZ
2024-01-03,7.28,7.32,7.38,7.26,29662,23875589.4,002772.SZ
2024-01-04,7.32,7.33,7.35,7.28,22043,17739383.0,002772.SZ
2024-01-05,7.33,7.2,7.34,7.15,30511,24336608.0,002772.SZ
2024-01-08,7.16,6.97,7.18,6.97,30195,23568760.4,002772.SZ
2024-01-09,7.01,7.1,7.16,6.99,32833,25686405.0,002772.SZ
2024-01-10,7.16,7.12,7.16,7.04,26455,20761023.95,002772.SZ
2024-01-11,7.12,7.2,7.22,7.08,26341,20828788.48,002772.SZ
2024-01-12,7.22,7.26,7.33,7.15,29417,23542084.22,002772.SZ
2024-01-15,7.19,7.22,7.27,7.14,26675,21165671.0,002772.SZ
2024-01-16,7.22,7.22,7.28,7.1,29795,23596695.0,002772.SZ
2024-01-17,7.21,7.03,7.21,7.02,24260,19072206.0,002772.SZ
2024-01-18,6.99,6.86,7.0,6.61,58089,43583132.36,002772.SZ
2024-01-19,6.83,6.71,6.88,6.7,27153,20379507.0,002772.SZ
2024-01-22,6.71,6.27,6.74,6.18,53181,38344765.71,002772.SZ
2024-01-23,6.27,6.2,6.27,6.07,40005,27573718.02,002772.SZ
2024-01-24,6.21,6.35,6.38,6.02,41979,29181497.97,002772.SZ
2024-01-25,6.34,6.66,6.67,6.34,46723,34024156.49,002772.SZ
2024-01-26,6.68,6.8,6.89,6.66,45790,34490181.1,002772.SZ
2024-01-29,6.8,6.65,6.84,6.62,38447,28650410.0,002772.SZ
2024-01-30,6.57,6.43,6.68,6.41,33050,24054730.59,002772.SZ
2024-01-31,6.47,6.08,6.47,6.07,47719,33247177.0,002772.SZ
2024-02-01,6.05,5.93,6.1,5.81,47512,31722743.71,002772.SZ
2024-02-02,5.93,5.66,6.06,5.46,61844,40132025.58,002772.SZ
2024-02-05,5.57,5.2,5.61,5.03,89369,53189017.74,002772.SZ
2024-02-06,5.03,5.3,5.47,4.74,87383,50507071.75,002772.SZ
2024-02-07,5.29,5.25,5.46,5.02,101161,60221481.65,002772.SZ
2024-02-08,5.37,5.67,5.7,5.2,95237,59102180.05,002772.SZ
2024-02-19,5.69,5.74,5.92,5.69,79671,51801570.17,002772.SZ
2024-02-20,5.68,5.73,5.75,5.57,42640,27361026.42,002772.SZ
2024-02-21,5.69,5.81,5.96,5.63,70490,46361273.36,002772.SZ
2024-02-22,5.82,5.91,5.91,5.77,63599,41827189.0,002772.SZ
2024-02-23,5.92,6.04,6.04,5.87,68477,45755637.36,002772.SZ
2024-02-26,6.04,6.08,6.24,5.98,67425,45949024.75,002772.SZ
2024-02-27,6.07,6.26,6.26,5.98,61421,42405147.44,002772.SZ
2024-02-28,6.26,5.97,6.5,5.95,101243,70459216.92,002772.SZ
2024-02-29,5.97,6.12,6.13,5.92,66430,45170605.62,002772.SZ
2024-03-01,6.13,6.1,6.19,6.05,54241,37057363.7,002772.SZ
2024-03-04,6.1,6.02,6.13,5.95,44083,29717471.65,002772.SZ
2024-03-05,6.0,5.9,6.02,5.88,37826,25186217.0,002772.SZ
2024-03-06,5.9,5.95,5.99,5.87,37569,25003081.6,002772.SZ
2024-03-07,5.95,5.97,6.05,5.91,43040,28881148.86,002772.SZ
2024-03-08,5.97,6.0,6.0,5.87,32287,21552624.42,002772.SZ
2024-03-11,6.0,6.13,6.13,5.97,48379,32830888.72,002772.SZ
2024-03-12,6.14,6.21,6.22,6.09,54318,37455086.2,002772.SZ
2024-03-13,6.26,6.9,6.9,6.14,192586,141556045.73,002772.SZ
2024-03-14,7.4,7.22,7.66,7.19,521176,428009196.41,002772.SZ
2024-03-15,7.41,8.02,8.02,7.41,467668,403934949.61,002772.SZ
2024-03-18,8.27,8.45,8.9,8.02,825146,754173448.36,002772.SZ
2024-03-19,7.91,7.9,8.21,7.83,448193,390067358.78,002772.SZ
2024-03-20,7.8,7.61,7.9,7.5,365347,304904424.9,002772.SZ
2024-03-21,7.61,7.79,7.93,7.51,366830,309704286.72,002772.SZ
2024-03-22,7.7,7.7,8.22,7.53,325008,277987587.52,002772.SZ
2024-03-25,7.6,7.22,7.62,7.22,240408,195130769.82,002772.SZ
2024-03-26,7.27,7.03,7.27,6.92,198492,154680347.41,002772.SZ
2024-03-27,7.06,6.86,7.21,6.86,160388,124565787.8,002772.SZ
2024-03-28,6.78,6.93,7.01,6.78,149815,114572954.6,002772.SZ
2024-03-29,6.9,7.02,7.03,6.84,133467,102342912.99,002772.SZ
2024-04-01,7.01,7.09,7.11,6.99,133048,103485731.68,002772.SZ
2024-04-02,7.04,6.91,7.05,6.88,127313,97846297.02,002772.SZ
2024-04-03,6.86,7.0,7.02,6.81,121934,93383182.88,002772.SZ
2024-04-08,7.0,6.79,7.01,6.79,116162,88690311.0,002772.SZ
2024-04-09,6.68,6.76,6.79,6.56,124944,92496729.07,002772.SZ
2024-04-10,6.76,6.54,6.79,6.45,97143,71171940.32,002772.SZ
2024-04-11,6.52,6.54,6.6,6.46,64435,46931506.45,002772.SZ
2024-04-12,6.52,6.4,6.57,6.39,73159,52627057.09,002772.SZ
2024-04-15,6.36,6.15,6.44,6.04,108399,74947672.14,002772.SZ
2024-04-16,6.09,5.75,6.12,5.73,98905,65479243.8,002772.SZ
2024-04-17,5.83,6.15,6.15,5.83,92900,63125700.0,002772.SZ
2024-04-18,6.17,6.2,6.25,6.08,73501,50834856.73,002772.SZ
2024-04-19,6.11,6.15,6.25,6.09,53100,36597016.67,002772.SZ
2024-04-22,6.12,6.22,6.23,6.02,70079,48302349.99,002772.SZ
2024-04-23,6.18,6.29,6.33,6.14,70015,48838015.4,002772.SZ
2024-04-24,6.31,6.29,6.32,6.24,56030,39275155.44,002772.SZ
2024-04-25,6.3,6.47,6.48,6.26,79712,56540454.52,002772.SZ
2024-04-26,6.27,6.2,6.27,6.05,135152,93027955.21,002772.SZ
2024-04-29,6.16,6.35,6.37,6.14,91043,63837749.12,002772.SZ
2024-04-30,6.35,6.35,6.42,6.27,62909,44526396.7,002772.SZ
2024-05-06,6.39,6.54,6.54,6.39,72358,52187261.56,002772.SZ
2024-05-07,6.52,6.54,6.55,6.44,56126,40584569.74,002772.SZ
2024-05-08,6.55,6.51,6.62,6.46,75247,54626290.6,002772.SZ
2024-05-09,6.55,6.61,6.64,6.52,80549,59008511.87,002772.SZ
2024-05-10,6.61,6.79,6.94,6.61,185020,139497957.4,002772.SZ
2024-05-13,6.65,6.51,6.66,6.5,117799,85762632.75,002772.SZ
2024-05-14,6.47,6.55,6.57,6.47,64712,47010623.68,002772.SZ
2024-05-15,6.52,6.54,6.62,6.46,62526,45497810.28,002772.SZ
2024-05-16,6.61,6.56,6.67,6.54,63590,44712651.25,002772.SZ
2024-05-17,6.55,6.58,6.61,6.45,54377,37864414.54,002772.SZ
2024-05-20,6.6,6.62,6.75,6.58,69610,49432074.0,002772.SZ
2024-05-21,6.6,6.57,6.67,6.55,52167,36628294.0,002772.SZ
2024-05-22,6.56,6.53,6.62,6.49,47729,33240240.95,002772.SZ
2024-05-23,6.54,6.34,6.55,6.32,59553,40688008.0,002772.SZ
2024-05-24,6.32,6.36,6.45,6.32,48020,32818700.78,002772.SZ
2024-05-27,6.38,6.35,6.39,6.23,41845,28094829.84,002772.SZ
2024-05-28,6.31,6.24,6.36,6.22,30919,20720678.0,002772.SZ
2024-05-29,6.18,6.26,6.31,6.17,26793,17907509.3,002772.SZ
2024-05-30,6.26,6.23,6.28,6.18,25475,16940088.86,002772.SZ
2024-05-31,6.25,6.22,6.26,6.19,22835,15171230.2,002772.SZ
2024-06-03,6.24,6.06,6.24,5.99,47274,30831868.0,002772.SZ
2024-06-04,6.04,5.99,6.04,5.91,32172,20593457.62,002772.SZ
2024-06-05,5.95,5.8,6.01,5.8,38552,24302782.0,002772.SZ
2024-06-06,5.8,5.55,5.86,5.47,76159,45953535.18,002772.SZ
2024-06-07,5.57,5.78,5.8,5.57,49336,30353895.99,002772.SZ
2024-06-11,5.77,5.73,5.79,5.65,25699,15764881.25,002772.SZ
2024-06-12,5.75,5.81,5.84,5.68,37112,23042422.39,002772.SZ
2024-06-13,5.81,5.73,5.83,5.71,28921,17910140.54,002772.SZ
2024-06-14,5.71,5.77,5.81,5.67,33897,21011255.0,002772.SZ
2024-06-17,5.75,5.74,5.8,5.72,20835,12889608.0,002772.SZ
2024-06-18,5.74,5.75,5.8,5.73,23374,14474939.8,002772.SZ
2024-06-19,5.77,5.73,5.78,5.69,22709,13992381.5,002772.SZ
2024-06-20,5.75,5.6,5.75,5.6,24322,14792253.82,002772.SZ
2024-06-21,5.58,5.6,5.68,5.55,18716,11322125.0,002772.SZ
2024-06-24,5.56,5.4,5.59,5.34,34436,20183240.0,002772.SZ
2024-06-25,5.39,5.48,5.53,5.39,28533,16871223.46,002772.SZ
2024-06-26,5.48,5.65,5.66,5.42,28196,16860244.0,002772.SZ
2024-06-27,5.65,5.56,5.67,5.54,20565,12413528.12,002772.SZ
2024-06-28,5.57,5.56,5.64,5.54,19289,11610863.3,002772.SZ
2024-07-01,5.55,5.65,5.65,5.51,26043,15738975.1,002772.SZ
2024-07-02,5.67,5.72,5.74,5.63,28261,17348485.0,002772.SZ
2024-07-03,5.7,5.71,5.78,5.68,22697,13971745.0,002772.SZ
2024-07-04,5.71,5.57,5.71,5.55,27808,16792102.0,002772.SZ
2024-07-05,5.56,5.63,5.64,5.5,15832,9516735.37,002772.SZ
2024-07-08,5.58,5.46,5.61,5.45,21348,12645553.26,002772.SZ
2024-07-09,5.48,5.51,5.51,5.28,30981,18096591.0,002772.SZ
2024-07-10,5.34,5.29,5.37,5.26,46901,26922006.77,002772.SZ
2024-07-11,5.37,5.48,5.55,5.37,42626,25104611.45,002772.SZ
2024-07-12,5.49,5.44,5.53,5.42,22602,13324531.68,002772.SZ
2024-07-15,5.44,5.35,5.46,5.3,21230,12262240.0,002772.SZ
2024-07-16,5.34,5.37,5.41,5.3,18121,10485470.0,002772.SZ
2024-07-17,5.37,5.38,5.47,5.34,21853,12736348.32,002772.SZ
2024-07-18,5.36,5.36,5.38,5.26,25873,14871052.98,002772.SZ
2024-07-19,5.31,5.35,5.41,5.29,24252,13995977.5,002772.SZ
2024-07-22,5.33,5.3,5.36,5.27,20079,11521840.3,002772.SZ
2024-07-23,5.28,5.24,5.36,5.24,26597,15256320.6,002772.SZ
2024-07-24,5.22,5.14,5.24,5.12,30376,17001464.6,002772.SZ
2024-07-25,5.13,5.18,5.23,5.09,20002,11194225.0,002772.SZ
2024-07-26,5.22,5.26,5.27,5.19,21592,12250566.65,002772.SZ
2024-07-29,5.35,5.25,5.35,5.24,17208,9812933.95,002772.SZ
2024-07-30,5.26,5.33,5.35,5.23,18726,10755149.46,002772.SZ
2024-07-31,5.32,5.45,5.46,5.32,36909,21567498.32,002772.SZ
2024-08-01,5.47,5.51,5.55,5.46,38722,23000570.99,002772.SZ
2024-08-02,5.5,5.49,5.59,5.47,27296,16278496.0,002772.SZ
2024-08-05,5.39,5.42,5.59,5.39,34094,20258226.7,002772.SZ
2024-08-06,5.55,5.53,5.56,5.47,27414,16286585.42,002772.SZ
2024-08-07,5.51,5.5,5.55,5.49,18528,11005619.2,002772.SZ
2024-08-08,5.51,5.64,5.65,5.47,36629,22030405.44,002772.SZ
2024-08-09,5.67,5.59,5.68,5.58,23783,14373705.0,002772.SZ
2024-08-12,5.6,5.59,5.65,5.54,19155,11533649.28,002772.SZ
2024-08-13,5.59,5.56,5.6,5.51,17485,10454937.0,002772.SZ
2024-08-14,5.6,5.55,5.6,5.53,17892,10723831.0,002772.SZ
2024-08-15,5.52,5.6,5.64,5.52,24931,15046869.99,002772.SZ
2024-08-16,5.58,5.57,5.65,5.55,26354,15839749.78,002772.SZ
2024-08-19,5.55,5.82,6.17,5.55,148429,93157797.48,002772.SZ
2024-08-20,5.74,5.65,5.94,5.61,122943,75760150.55,002772.SZ
2024-08-21,5.63,5.54,5.67,5.52,58455,35066976.0,002772.SZ
2024-08-22,5.56,5.37,5.59,5.37,43700,25688798.0,002772.SZ
2024-08-23,5.38,5.34,5.41,5.29,28647,16520233.75,002772.SZ
2024-08-26,5.34,5.51,5.52,5.32,34643,20428383.56,002772.SZ
2024-08-27,5.51,5.45,5.65,5.43,32256,19236927.18,002772.SZ
2024-08-28,5.39,5.49,5.57,5.37,24928,14737790.0,002772.SZ
2024-08-29,5.48,5.5,5.52,5.42,21792,12883022.37,002772.SZ
2024-08-30,5.51,5.55,5.63,5.46,42413,25462649.0,002772.SZ
2024-09-02,5.55,5.51,5.61,5.5,28627,17151219.0,002772.SZ
2024-09-03,5.49,5.57,5.58,5.48,25815,15435940.0,002772.SZ
2024-09-04,5.54,5.53,5.62,5.52,29713,17811768.0,002772.SZ
2024-09-05,5.52,5.59,5.6,5.52,29591,17768128.1,002772.SZ
2024-09-06,5.62,5.54,5.63,5.51,28999,17424272.0,002772.SZ
2024-09-09,5.54,5.55,5.59,5.46,24605,14698325.97,002772.SZ
2024-09-10,5.58,5.55,5.61,5.47,25115,14986494.0,002772.SZ
2024-09-11,5.52,5.5,5.56,5.48,21916,13034198.0,002772.SZ
2024-09-12,5.53,5.54,5.6,5.51,23824,14272745.0,002772.SZ
2024-09-13,5.58,5.55,5.6,5.52,22080,13224594.37,002772.SZ
2024-09-18,5.54,5.41,5.58,5.36,32007,18753657.55,002772.SZ
2024-09-19,5.45,5.6,5.62,5.44,48999,29385670.04,002772.SZ
2024-09-20,5.6,5.59,5.63,5.54,24946,15014830.0,002772.SZ
2024-09-23,5.6,5.56,5.61,5.55,24417,14659099.0,002772.SZ
2024-09-24,5.56,5.69,5.7,5.55,50933,30919816.52,002772.SZ
2024-09-25,5.73,5.72,5.83,5.71,64854,40244834.52,002772.SZ
2024-09-26,5.71,5.99,5.99,5.69,83817,52839269.0,002772.SZ
2024-09-27,6.06,6.16,6.22,5.97,150849,98300592.04,002772.SZ
2024-09-30,6.27,6.64,6.69,6.17,228261,156926311.65,002772.SZ
2024-10-08,7.27,6.81,7.33,6.53,256614,187726199.29,002772.SZ
2024-10-09,6.62,6.13,6.65,6.13,144320,97934040.46,002772.SZ
2024-10-10,6.17,6.25,6.32,6.1,96429,64405577.18,002772.SZ
2024-10-11,6.25,6.08,6.28,6.04,72323,47559825.96,002772.SZ
2024-10-14,6.13,6.14,6.2,6.06,67214,44134020.5,002772.SZ
2024-10-15,6.11,6.07,6.13,6.03,61158,39858783.59,002772.SZ
2024-10-16,6.02,6.11,6.13,6.0,47717,31096039.9,002772.SZ
2024-10-17,6.11,6.03,6.16,6.02,49796,32469075.0,002772.SZ
2024-10-18,6.03,6.1,6.16,5.97,83781,54400313.44,002772.SZ
2024-10-21,6.21,6.14,6.21,6.11,85848,56606062.08,002772.SZ
2024-10-22,6.14,6.3,6.31,6.12,104122,69647619.99,002772.SZ
2024-10-23,6.31,6.26,6.32,6.21,72785,48657191.0,002772.SZ
2024-10-24,6.25,6.28,6.3,6.21,53247,35623576.0,002772.SZ
2024-10-25,6.26,6.32,6.34,6.26,104072,70113949.08,002772.SZ
2024-10-28,6.42,6.69,6.71,6.42,228966,161013084.57,002772.SZ
2024-10-29,6.72,6.5,6.72,6.47,116629,81442912.64,002772.SZ
2024-10-30,6.46,6.5,6.57,6.41,87135,60261343.19,002772.SZ
2024-10-31,6.5,6.52,6.54,6.46,97033,67301466.09,002772.SZ
2024-11-01,6.51,6.44,6.57,6.4,88954,61488585.8,002772.SZ
2024-11-04,6.43,6.47,6.48,6.36,78811,54106292.58,002772.SZ
2024-11-05,6.46,6.54,6.56,6.46,112462,78212790.59,002772.SZ
2024-11-06,6.53,6.67,6.67,6.47,177984,125070060.55,002772.SZ
2024-11-07,6.71,6.82,6.85,6.61,196615,141881898.12,002772.SZ
2024-11-08,6.91,6.72,6.91,6.7,172773,124336894.16,002772.SZ
2024-11-11,6.72,6.73,6.73,6.63,95674,68041555.7,002772.SZ
2024-11-12,6.74,6.76,6.83,6.71,122596,88237482.8,002772.SZ
2024-11-13,6.76,6.68,6.79,6.58,81588,57921249.01,002772.SZ
2024-11-14,6.66,6.59,6.74,6.58,77176,54635089.24,002772.SZ
2024-11-15,6.77,6.62,6.85,6.61,145155,103918149.36,002772.SZ
2024-11-18,6.75,6.67,6.87,6.64,160811,115291741.81,002772.SZ
2024-11-19,6.68,6.66,6.69,6.51,106699,75160740.81,002772.SZ
2024-11-20,6.66,6.79,6.79,6.66,115164,82580589.25,002772.SZ
2024-11-21,6.77,6.79,6.81,6.71,84935,61134469.0,002772.SZ
2024-11-22,6.79,6.55,6.8,6.53,91903,65467246.79,002772.SZ
2024-11-25,6.59,6.72,6.74,6.53,91451,64935796.81,002772.SZ
2024-11-26,6.73,6.79,6.85,6.72,94754,68470007.46,002772.SZ
2024-11-27,6.83,6.79,6.84,6.6,96292,68717056.38,002772.SZ
2024-11-28,6.77,7.02,7.09,6.75,217949,160979034.49,002772.SZ
2024-11-29,7.03,7.07,7.12,6.96,144227,107814636.38,002772.SZ
2024-12-02,7.07,7.19,7.21,7.05,148740,112492594.39,002772.SZ
2024-12-03,7.19,7.16,7.25,7.11,104432,79435087.24,002772.SZ
2024-12-04,7.14,7.04,7.22,6.99,102554,77191442.66,002772.SZ
2024-12-05,7.03,7.07,7.1,6.98,82479,61658595.1,002772.SZ
2024-12-06,7.07,7.17,7.19,7.06,83423,63110394.35,002772.SZ
2024-12-09,7.18,7.16,7.23,7.08,68954,52302335.59,002772.SZ
2024-12-10,7.32,7.17,7.37,7.14,92165,70596875.0,002772.SZ
2024-12-11,7.17,7.31,7.33,7.15,81180,62514446.31,002772.SZ
2024-12-12,7.34,7.59,7.61,7.28,154315,122237717.28,002772.SZ
2024-12-13,7.54,7.47,7.59,7.39,129688,102691534.48,002772.SZ
2024-12-16,7.52,7.57,7.63,7.47,120168,96043362.0,002772.SZ
2024-12-17,7.57,7.44,8.37,7.4,378439,309524652.95,002772.SZ
2024-12-18,7.28,7.38,7.66,7.28,293332,231198804.12,002772.SZ
2024-12-19,7.34,7.37,7.61,7.26,233199,183771407.59,002772.SZ
2024-12-20,7.37,7.55,7.64,7.37,213605,169411387.02,002772.SZ
2024-12-23,7.52,7.52,7.83,7.27,275006,219429715.12,002772.SZ
2024-12-24,7.47,7.26,7.62,7.12,221940,172182185.03,002772.SZ
2024-12-25,7.26,6.99,7.29,6.87,175284,130228382.87,002772.SZ
2024-12-26,7.03,7.02,7.17,6.98,96581,72394415.22,002772.SZ
2024-12-27,7.03,7.27,7.34,6.99,149431,114353442.34,002772.SZ
2024-12-30,7.18,6.99,7.27,6.97,109599,81798763.0,002772.SZ
2024-12-31,7.01,6.94,7.19,6.91,102538,76665570.54,002772.SZ
2025-01-02,6.93,6.94,7.14,6.87,95079,70754234.24,002772.SZ
2025-01-03,6.97,6.7,6.99,6.65,109020,78862412.82,002772.SZ
2025-01-06,6.67,6.62,6.75,6.49,74712,52713914.45,002772.SZ
2025-01-07,6.63,6.74,6.74,6.55,67724,47918376.55,002772.SZ
2025-01-08,6.7,6.68,6.75,6.53,67986,48060765.28,002772.SZ
2025-01-09,6.66,6.64,6.71,6.6,41444,29372713.1,002772.SZ
2025-01-10,6.66,6.4,6.67,6.4,56589,39280444.0,002772.SZ
2025-01-13,6.38,6.38,6.41,6.17,56499,38163368.2,002772.SZ
2025-01-14,6.42,6.6,6.6,6.42,65979,45954723.0,002772.SZ
2025-01-15,6.6,6.59,6.65,6.52,45254,31794176.62,002772.SZ
2025-01-16,6.64,6.75,6.75,6.6,70652,50362053.0,002772.SZ
2025-01-17,6.82,6.8,6.85,6.65,56876,40859911.14,002772.SZ
2025-01-20,6.83,6.8,6.87,6.72,54161,39246462.72,002772.SZ
2025-01-21,6.83,6.69,6.89,6.63,53332,38081022.0,002772.SZ
2025-01-22,6.66,6.64,6.8,6.6,40186,28458326.0,002772.SZ
2025-01-23,6.69,6.68,6.81,6.63,61354,44122823.0,002772.SZ
2025-01-24,6.68,6.67,6.76,6.63,63791,45372059.0,002772.SZ
2025-01-27,6.72,6.78,6.9,6.72,60953,44250692.0,002772.SZ
2025-02-05,6.83,6.7,6.86,6.66,66006,47413081.85,002772.SZ
2025-02-06,6.7,6.73,6.73,6.61,53758,38259469.15,002772.SZ
2025-02-07,6.73,6.82,6.86,6.71,61874,44746375.0,002772.SZ
2025-02-10,6.82,6.88,6.89,6.8,55680,40459580.96,002772.SZ
2025-02-11,6.87,6.88,6.9,6.8,44819,32626523.76,002772.SZ
2025-02-12,6.87,6.87,6.91,6.78,50755,36831255.29,002772.SZ
2025-02-13,6.85,6.8,6.89,6.79,47168,34304500.0,002772.SZ
2025-02-14,6.82,6.76,6.83,6.74,46622,33623758.0,002772.SZ
2025-02-17,6.76,6.85,6.87,6.75,56755,41195882.22,002772.SZ
2025-02-18,6.84,6.64,6.85,6.64,65896,47278132.89,002772.SZ
2025-02-19,6.7,6.69,6.72,6.66,47692,33941540.6,002772.SZ
2025-02-20,6.67,6.7,6.74,6.64,49397,35231482.2,002772.SZ
2025-02-21,6.69,6.67,6.73,6.62,51693,36674959.2,002772.SZ
2025-02-24,6.84,6.93,7.12,6.83,218208,161152444.94,002772.SZ
2025-02-25,6.85,6.71,6.86,6.67,130364,93463190.2,002772.SZ
2025-02-26,6.69,6.75,6.75,6.69,69057,49370264.46,002772.SZ
2025-02-27,6.74,6.84,6.86,6.73,92575,66930864.8,002772.SZ
2025-02-28,6.81,6.65,6.86,6.64,76358,54703566.11,002772.SZ
2025-03-03,6.67,6.71,6.79,6.67,55382,39635077.49,002772.SZ
2025-03-04,6.7,6.76,6.78,6.65,67242,47946113.7,002772.SZ
2025-03-05,6.79,6.71,6.79,6.65,59843,42613836.07,002772.SZ
2025-03-06,6.72,6.73,6.73,6.67,47448,33874943.15,002772.SZ
2025-03-07,6.72,6.71,6.75,6.69,40742,29108158.88,002772.SZ
2025-03-10,6.73,6.76,6.78,6.7,47937,34380508.22,002772.SZ
2025-03-11,6.73,6.78,6.79,6.69,49967,35863457.0,002772.SZ
2025-03-12,6.78,6.78,6.8,6.73,37673,27105381.0,002772.SZ
2025-03-13,6.79,6.98,6.99,6.77,142104,103755072.3,002772.SZ
2025-03-14,6.95,7.01,7.01,6.91,106372,78769178.19,002772.SZ
2025-03-17,7.05,7.16,7.21,7.03,126676,95749119.51,002772.SZ
2025-03-18,7.16,7.11,7.21,7.05,73972,55634517.42,002772.SZ
2025-03-19,7.11,7.03,7.12,6.98,101593,75885199.0,002772.SZ
2025-03-20,7.03,7.1,7.1,6.99,63778,47795579.0,002772.SZ
2025-03-21,7.12,7.16,7.2,7.04,112288,84684276.0,002772.SZ
2025-03-24,7.17,6.95,7.2,6.87,116487,86670878.97,002772.SZ
2025-03-25,7.0,6.93,7.0,6.79,92703,67950752.97,002772.SZ
2025-03-26,6.93,7.09,7.11,6.88,84577,63139326.96,002772.SZ
2025-03-27,7.08,7.0,7.08,6.95,48288,35933203.0,002772.SZ
2025-03-28,6.99,6.86,7.0,6.82,69812,51080462.5,002772.SZ
2025-03-31,6.85,6.75,6.88,6.7,66336,47766539.95,002772.SZ
2025-04-01,6.78,6.91,6.97,6.76,66127,48523668.78,002772.SZ
2025-04-02,6.93,6.95,6.96,6.88,45215,33253370.62,002772.SZ
2025-04-03,6.94,7.05,7.08,6.9,65404,48716870.11,002772.SZ
2025-04-07,6.85,6.79,7.42,6.64,288065,214628265.7,002772.SZ
2025-04-08,6.83,7.51,7.51,6.83,405360,312805944.87,002772.SZ
2025-04-09,7.57,7.51,7.95,7.18,559712,447590358.7,002772.SZ
2025-04-10,7.27,7.72,7.72,7.27,486378,386926043.88,002772.SZ
2025-04-11,7.57,7.22,7.57,7.19,349274,270342545.83,002772.SZ
2025-04-14,7.22,7.42,7.53,7.22,257699,200571461.91,002772.SZ
2025-04-15,7.4,7.36,7.44,7.27,182541,142202149.09,002772.SZ
2025-04-16,7.34,7.23,7.36,7.08,169551,129616533.71,002772.SZ
2025-04-17,7.23,7.37,7.4,7.17,177976,137994213.0,002772.SZ
2025-04-18,7.35,7.27,7.38,7.18,129534,99570661.33,002772.SZ
2025-04-21,7.37,7.49,7.51,7.25,231332,181197848.36,002772.SZ
2025-04-22,7.53,7.51,7.62,7.41,219726,174090334.44,002772.SZ
2025-04-23,7.47,7.33,7.49,7.3,163630,127673844.25,002772.SZ
2025-04-24,7.33,7.35,7.45,7.29,116555,90872316.24,002772.SZ
2025-04-25,7.37,7.34,7.38,7.28,95058,73785769.92,002772.SZ
2025-04-28,7.37,7.29,7.49,7.23,132259,102797015.9,002772.SZ
2025-04-29,7.32,7.47,7.48,7.26,170236,133740424.42,002772.SZ
2025-04-30,7.43,7.3,7.49,7.3,149095,116507901.71,002772.SZ
2025-05-06,7.33,7.38,7.38,7.29,116465,90400306.0,002772.SZ
2025-05-07,7.4,7.57,7.58,7.4,217955,172860252.22,002772.SZ
2025-05-08,7.47,7.53,7.58,7.44,119871,95286284.69,002772.SZ
2025-05-09,7.56,7.6,7.6,7.46,142013,113278150.79,002772.SZ
2025-05-12,7.63,7.49,7.64,7.43,140524,111180570.17,002772.SZ
2025-05-13,7.48,7.46,7.51,7.42,82231,64856944.87,002772.SZ
2025-05-14,7.44,7.47,7.48,7.39,81476,64132664.87,002772.SZ
2025-05-15,7.44,8.26,8.26,7.42,463396,388509025.05,002772.SZ
2025-05-16,8.45,7.99,8.54,7.89,530617,450041726.76,002772.SZ
2025-05-19,7.96,7.88,7.97,7.74,289722,231605145.96,002772.SZ
2025-05-20,7.93,8.08,8.21,7.85,368840,302205571.35,002772.SZ
2025-05-21,7.96,7.9,8.05,7.84,234199,188222417.32,002772.SZ
2025-05-22,7.87,7.69,7.9,7.67,177439,140234619.9,002772.SZ
2025-05-23,7.66,7.56,7.75,7.56,125870,98068014.4,002772.SZ
2025-05-26,7.56,7.61,7.66,7.53,97004,74942406.22,002772.SZ
2025-05-27,7.61,7.72,7.75,7.58,122846,96096092.0,002772.SZ
2025-05-28,7.7,7.69,7.74,7.61,83418,65107918.0,002772.SZ
2025-05-29,7.66,7.72,7.74,7.6,96074,75246947.3,002772.SZ
2025-05-30,7.69,7.68,7.79,7.63,109191,85611673.0,002772.SZ
2025-06-03,7.61,7.72,7.72,7.59,78679,61453612.03,002772.SZ
2025-06-04,7.74,7.8,7.81,7.66,98283,77474978.52,002772.SZ
2025-06-05,7.8,7.75,7.81,7.68,83278,65637819.04,002772.SZ
2025-06-06,7.72,7.75,7.79,7.7,68595,54071891.0,002772.SZ
2025-06-09,7.81,7.91,8.13,7.81,183429,148368384.27,002772.SZ
2025-06-10,8.02,8.04,8.2,7.9,229589,187180452.21,002772.SZ
2025-06-11,8.04,7.98,8.06,7.94,121005,98488121.11,002772.SZ
2025-06-12,8.04,8.05,8.08,7.97,114540,93552967.0,002772.SZ
2025-06-13,7.99,7.91,8.15,7.89,118308,96169464.38,002772.SZ
2025-06-16,7.86,7.88,7.91,7.82,86997,69549745.49,002772.SZ
2025-06-17,7.9,7.92,8.0,7.87,86569,69840208.55,002772.SZ
2025-06-18,7.92,7.83,7.95,7.8,75886,60602138.32,002772.SZ
2025-06-19,7.79,7.54,7.84,7.52,141376,109685351.66,002772.SZ
2025-06-20,7.54,7.45,7.59,7.43,66198,50519224.74,002772.SZ
2025-06-23,7.41,7.55,7.57,7.33,63215,48150443.0,002772.SZ
2025-06-24,7.54,7.7,7.74,7.52,73287,57295236.72,002772.SZ
2025-06-25,7.73,7.73,7.85,7.68,78787,62083572.3,002772.SZ
2025-06-26,7.74,7.65,7.74,7.64,54918,42938969.67,002772.SZ
2025-06-27,7.66,7.65,7.71,7.61,52056,40561694.04,002772.SZ
2025-06-30,7.65,7.67,7.71,7.61,64645,50375232.8,002772.SZ
2025-07-01,7.66,7.77,7.77,7.66,81885,64435789.82,002772.SZ
2025-07-02,7.77,7.81,7.82,7.74,61277,48566049.92,002772.SZ
2025-07-03,7.79,7.81,7.85,7.77,63333,50326635.65,002772.SZ
2025-07-04,7.81,7.8,7.85,7.78,66515,52878892.12,002772.SZ
2025-07-07,7.8,7.93,7.94,7.72,79631,63733554.32,002772.SZ
2025-07-08,7.91,7.91,7.92,7.83,71190,57071090.79,002772.SZ
2025-07-09,7.91,7.89,7.94,7.85,62360,50101723.5,002772.SZ
2025-07-10,7.88,7.9,7.91,7.81,60603,48500002.73,002772.SZ
2025-07-11,7.92,7.92,7.93,7.86,72218,58106361.55,002772.SZ
2025-07-14,7.93,7.98,8.03,7.91,69109,56109553.82,002772.SZ
2025-07-15,8.3,8.05,8.36,7.99,171532,141382702.14,002772.SZ
2025-07-16,8.01,8.16,8.18,8.01,122902,101418052.66,002772.SZ
2025-07-17,8.11,8.12,8.24,8.1,75879,62926152.42,002772.SZ
2025-07-18,8.13,8.11,8.17,8.08,59872,49362203.14,002772.SZ
2025-07-21,8.11,8.17,8.2,8.09,66990,55603299.32,002772.SZ
2025-07-22,8.15,8.13,8.18,8.05,82168,67795657.0,002772.SZ
2025-07-23,8.15,8.08,8.21,8.07,70999,58678832.98,002772.SZ
2025-07-24,8.07,8.11,8.13,8.07,62925,51901598.5,002772.SZ
2025-07-25,8.14,8.11,8.18,8.08,63219,52253694.0,002772.SZ
2025-07-28,8.16,8.15,8.2,8.12,58257,48296231.78,002772.SZ
2025-07-29,8.14,8.06,8.14,7.98,73670,60235571.68,002772.SZ
2025-07-30,8.06,8.08,8.11,8.01,65434,53703749.84,002772.SZ
2025-07-31,8.16,8.01,8.18,7.99,74781,61302148.0,002772.SZ
2025-08-01,7.99,8.06,8.14,7.99,71262,58496326.1,002772.SZ
2025-08-04,8.02,8.06,8.12,7.99,44797,36761150.0,002772.SZ
2025-08-05,8.08,8.17,8.19,8.08,76488,63485616.07,002772.SZ
2025-08-06,8.19,8.15,8.2,8.11,52037,43088674.0,002772.SZ
2025-08-07,8.15,8.18,8.22,8.15,66299,55199728.34,002772.SZ
2025-08-08,8.19,8.25,8.26,8.13,70273,58673527.0,002772.SZ
2025-08-11,8.27,8.29,8.38,8.24,90584,76391441.13,002772.SZ
2025-08-12,8.29,8.25,8.35,8.22,69564,58489401.64,002772.SZ
2025-08-13,8.29,8.27,8.33,8.19,68930,57731202.0,002772.SZ
2025-08-14,8.29,8.09,8.3,8.09,79522,66154128.4,002772.SZ
2025-08-15,8.09,8.13,8.19,8.09,92542,76499188.3,002772.SZ
2025-08-18,8.29,8.1,8.33,8.08,154530,128713375.45,002772.SZ
2025-08-19,8.14,8.06,8.14,8.05,89792,73808598.83,002772.SZ
2025-08-20,8.05,8.11,8.12,8.04,68113,56000910.42,002772.SZ
2025-08-21,8.13,8.14,8.2,8.11,81279,67383943.03,002772.SZ
2025-08-22,8.14,8.09,8.16,8.0,102896,84288144.47,002772.SZ
2025-08-25,8.08,8.11,8.13,8.05,81843,67414565.22,002772.SZ
2025-08-26,8.11,8.18,8.21,8.07,85887,71319908.24,002772.SZ
2025-08-27,8.18,7.98,8.2,7.97,104049,85467177.21,002772.SZ
2025-08-28,7.96,7.89,8.03,7.68,100201,80175762.0,002772.SZ
2025-08-29,7.88,7.85,7.95,7.84,57573,46263281.64,002772.SZ
2025-09-01,7.86,7.92,7.92,7.69,66586,53344562.55,002772.SZ
2025-09-02,7.88,7.88,7.91,7.77,56761,45329432.0,002772.SZ
2025-09-03,7.9,7.69,7.9,7.67,59321,46878686.62,002772.SZ
2025-09-04,7.71,7.84,7.86,7.66,72533,57494184.59,002772.SZ
2025-09-05,7.86,7.79,7.86,7.68,54751,43256730.79,002772.SZ
2025-09-08,7.79,7.9,7.92,7.77,60115,48208185.2,002772.SZ
2025-09-09,7.93,7.85,7.93,7.81,47087,37672544.0,002772.SZ
2025-09-10,7.86,8.2,8.24,7.84,220767,181347563.59,002772.SZ
2025-09-11,8.36,9.03,9.03,8.29,328324,294173850.79,002772.SZ
2025-09-12,9.19,9.95,9.95,9.16,712540,703860336.48,002772.SZ
2025-09-15,9.87,9.81,10.54,9.51,785851,790895949.85,002772.SZ
2025-09-16,9.81,10.15,10.37,9.59,546708,558634770.98,002772.SZ
2025-09-17,10.05,10.4,10.51,9.88,437750,452723003.19,002772.SZ
2025-09-18,10.41,9.9,10.72,9.77,393055,405284111.52,002772.SZ
2025-09-19,10.05,9.92,10.4,9.87,282830,289507808.56,002772.SZ
2025-09-22,9.89,9.61,9.96,9.4,220595,216337550.24,002772.SZ
2025-09-23,9.6,9.47,9.95,9.35,191991,186177218.82,002772.SZ
2025-09-24,9.43,9.26,9.5,9.19,174649,164904114.0,002772.SZ
2025-09-25,9.29,9.08,9.31,8.82,256537,234880840.15,002772.SZ
2025-09-26,9.53,10.0,10.0,9.28,446761,436803007.76,002772.SZ
2025-09-29,10.0,10.3,10.59,9.89,481915,503628174.49,002772.SZ
2025-09-30,10.27,10.23,10.47,10.02,288318,299957407.92,002772.SZ
2025-10-09,10.23,10.2,10.25,9.87,198183,202949029.16,002772.SZ
2025-10-10,10.22,10.34,10.5,10.02,170753,177490546.1,002772.SZ
2025-10-13,10.14,10.12,10.66,9.9,256879,263016873.5,002772.SZ
2025-10-14,10.16,10.33,10.89,10.02,325789,347440803.58,002772.SZ
2025-10-15,10.27,10.17,10.69,10.1,290788,303889081.43,002772.SZ
2025-10-16,10.37,9.92,10.42,9.91,214239,218579492.9,002772.SZ
2025-10-17,9.92,9.86,10.01,9.58,189705,188767578.62,002772.SZ
2025-10-20,9.92,10.01,10.71,9.92,197261,203096025.02,002772.SZ
2025-10-21,10.11,11.03,11.03,10.11,109232,119332379.46,002772.SZ
2025-10-22,11.36,10.86,11.56,10.82,403308,449555533.56,002772.SZ
2025-10-23,10.8,10.7,10.84,10.51,235722,254594703.49,002772.SZ
2025-10-24,10.74,10.78,11.11,10.57,217601,238714539.48,002772.SZ
2025-10-27,10.96,11.87,11.87,10.74,263103,306476525.83,002772.SZ
2025-10-28,12.06,12.66,13.01,12.01,618679,782132240.85,002772.SZ
2025-10-29,12.53,12.69,12.98,12.42,376755,482811427.88,002772.SZ
2025-10-30,12.7,12.46,12.85,12.46,196403,249982693.48,002772.SZ
2025-10-31,12.47,12.92,13.28,12.44,270938,352395013.59,002772.SZ
2025-11-03,12.97,14.23,14.23,12.96,174134,240309470.02,002772.SZ
2025-11-04,14.45,14.03,14.66,13.38,395430,555412695.91,002772.SZ
2025-11-05,13.87,14.46,14.92,13.66,314589,457710457.51,002772.SZ
2025-11-06,14.18,14.1,14.39,13.73,225202,319241848.65,002772.SZ
2025-11-07,14.07,13.36,14.22,13.26,262768,360308867.71,002772.SZ
2025-11-10,13.33,13.21,13.37,12.89,183540,242952900.89,002772.SZ
2025-11-11,13.32,13.25,13.57,12.98,165074,220611046.14,002772.SZ
2025-11-12,13.56,13.26,13.6,13.04,112615,150107404.07,002772.SZ
2025-11-13,13.31,13.31,13.45,12.98,117014,156670868.64,002772.SZ
2025-11-14,13.34,13.23,13.54,13.18,109931,148270768.57,002772.SZ
2025-11-17,13.04,12.83,13.18,12.75,145547,190359937.42,002772.SZ
2025-11-18,12.76,12.56,12.82,12.26,124611,158144331.77,002772.SZ
2025-11-19,12.53,12.46,12.61,12.36,70749,89135096.2,002772.SZ
2025-11-20,12.48,12.45,12.58,12.37,65855,82870629.01,002772.SZ
2025-11-21,12.44,11.83,12.53,11.78,159420,194318755.7,002772.SZ
2025-11-24,11.85,11.94,12.18,11.75,140845,170214054.53,002772.SZ
2025-11-25,12.03,11.94,12.18,11.91,92238,112183415.17,002772.SZ
2025-11-26,11.87,11.92,12.09,11.87,67146,81195736.2,002772.SZ
2025-11-27,11.79,12.08,12.25,11.79,91138,111278377.6,002772.SZ
2025-11-28,12.12,12.47,12.53,12.02,121587,151752464.9,002772.SZ
2025-12-01,12.55,12.99,13.46,12.47,261131,346654022.13,002772.SZ
2025-12-02,13.03,13.07,13.14,12.49,155609,201660109.79,002772.SZ
2025-12-03,13.22,12.94,13.66,12.89,174167,233463622.05,002772.SZ
2025-12-04,12.88,12.85,13.01,12.67,95868,124633809.0,002772.SZ
2025-12-05,12.83,12.56,12.99,12.51,99040,126607231.0,002772.SZ
2025-12-08,12.56,12.59,12.66,12.37,75053,94857042.93,002772.SZ
2025-12-09,12.53,12.78,13.05,12.43,105692,136474251.05,002772.SZ
2025-12-10,12.68,12.79,12.93,12.68,60155,77900474.84,002772.SZ
2025-12-11,12.8,12.29,12.97,12.24,96607,122410246.0,002772.SZ
2025-12-12,12.28,12.24,12.38,12.16,74254,92133351.0,002772.SZ
2025-12-15,12.19,12.33,12.42,12.16,64669,80357536.0,002772.SZ
2025-12-16,12.26,12.0,12.33,11.84,85065,103530406.92,002772.SZ
2025-12-17,12.1,12.85,12.95,11.97,197018,250534139.1,002772.SZ
2025-12-18,12.72,14.15,14.15,12.72,184253,254708972.69,002772.SZ
2025-12-19,13.9,14.52,14.56,13.69,345998,493724733.64,002772.SZ
2025-12-22,14.45,14.55,15.07,14.31,211746,314167173.23,002772.SZ
2025-12-23,14.64,14.26,14.82,13.93,176828,254429755.84,002772.SZ
2025-12-24,14.25,14.66,14.85,13.88,172280,250952278.07,002772.SZ
2025-12-25,14.64,14.86,15.12,14.51,200833,300455523.36,002772.SZ
2025-12-26,14.82,14.81,15.06,14.64,123039,184248603.78,002772.SZ
2025-12-29,14.74,14.69,15.07,14.4,148085,220768522.49,002772.SZ
2025-12-30,14.7,14.39,14.74,14.08,125623,183260396.8,002772.SZ
2025-12-31,14.56,14.45,14.66,14.09,97900,141698087.54,002772.SZ
2026-01-05,14.6,14.19,14.96,14.09,112277,161730720.11,002772.SZ
2026-01-06,14.16,14.52,14.8,14.11,101938,148998705.02,002772.SZ
2026-01-07,14.48,14.87,15.15,14.41,126366,189381276.94,002772.SZ
2026-01-08,14.86,15.96,16.2,14.61,222549,348687470.12,002772.SZ
2026-01-09,15.96,16.34,16.64,15.71,173100,281284696.28,002772.SZ
2026-01-12,15.94,14.69,16.18,14.69,337661,511677170.55,002772.SZ
2026-01-13,14.74,15.48,15.84,14.54,279472,429483576.61,002772.SZ
2026-01-14,15.37,15.1,15.68,14.84,163881,252043491.79,002772.SZ
2026-01-15,15.1,14.87,15.37,14.77,85598,129731941.39,002772.SZ
2026-01-16,15.07,14.69,15.31,14.59,105514,158043031.02,002772.SZ
2026-01-19,14.71,15.06,15.06,14.59,97246,146064555.7,002772.SZ
2026-01-20,15.01,15.3,15.31,14.75,99358,150952862.54,002772.SZ
2026-01-21,15.28,15.03,15.44,14.8,93995,142240443.99,002772.SZ
2026-01-22,15.06,15.83,16.06,14.94,167037,261997509.66,002772.SZ
2026-01-23,15.82,15.51,15.82,15.16,149824,233687498.94,002772.SZ
2026-01-26,15.47,15.59,15.79,15.34,103397,162318908.6,002772.SZ
2026-01-27,15.36,16.03,16.96,14.16,337638,543469022.74,002772.SZ
2026-01-28,16.02,16.45,16.67,15.13,277177,449289158.58,002772.SZ
2026-01-29,16.35,15.6,16.52,15.55,165541,264601910.6,002772.SZ
2026-01-30,15.82,16.27,16.63,15.64,238714,391127939.89,002772.SZ
2026-02-02,16.07,16.96,17.45,15.66,328990,556752362.99,002772.SZ
2026-02-03,16.96,16.98,17.12,16.48,212836,357126744.9,002772.SZ
2026-02-04,16.98,16.98,17.59,16.82,163447,279900476.7,002772.SZ
2026-02-05,16.85,16.72,17.29,16.4,119198,199880517.86,002772.SZ
2026-02-06,16.61,18.39,18.39,16.52,235935,421445862.89,002772.SZ
2026-02-09,18.2,18.0,18.53,17.76,272713,490026814.6,002772.SZ
2026-02-10,18.04,17.6,18.3,17.32,202059,356131032.94,002772.SZ
2026-02-11,17.8,17.28,18.08,17.08,165419,289193589.13,002772.SZ
2026-02-12,17.28,16.71,17.36,16.58,167162,279910103.35,002772.SZ
2026-02-13,16.71,16.36,16.98,16.36,105909,175314075.9,002772.SZ
